@image,Date,Work Title,Cat.,width,height,materials,Ownership,Price,Column2
C:\Users\Craig\Documents\GitHub\peterliddle.github.io\assets\artistswork\450\a-04.jpg,1962,River Barge,O,36,24,Oil on Board,Sold,,.jpg
C:\Users\Craig\Documents\GitHub\peterliddle.github.io\assets\artistswork\450\a-08.jpg,1962,Thames Bridge Fantasy ,O,48,36,Oil on Board,Available,,.jpg
C:\Users\Craig\Documents\GitHub\peterliddle.github.io\assets\artistswork\450\h-15.jpg,1963,Split Rocks,C,36,32,Oil on Board,Available,,.jpg
C:\Users\Craig\Documents\GitHub\peterliddle.github.io\assets\artistswork\450\i-35.jpg,1964,Moon Diptych,O,32,21,Oil on Board,Available,,.jpg
C:\Users\Craig\Documents\GitHub\peterliddle.github.io\assets\artistswork\450\i-37.jpg,1964,Sea Wall,C,36,24,Oil on Board,Available,,.jpg
C:\Users\Craig\Documents\GitHub\peterliddle.github.io\assets\artistswork\450\j-03.jpg,1965,Harbour Painting No.2,C,24,36,Oil on Board,Available,,.jpg
C:\Users\Craig\Documents\GitHub\peterliddle.github.io\assets\artistswork\450\j-05.jpg,1965,Harbour Painting No.4,C,36,24,Oil on Board,Sold,,.jpg
C:\Users\Craig\Documents\GitHub\peterliddle.github.io\assets\artistswork\450\j-12.jpg,1965,Harbour Painting Mevagissey,C,36,24,Oil on Board,Available,,.jpg
C:\Users\Craig\Documents\GitHub\peterliddle.github.io\assets\artistswork\450\j-16.jpg,1965,Tregardock Beach,C,48,30,Oil on Board,Available,,.jpg
C:\Users\Craig\Documents\GitHub\peterliddle.github.io\assets\artistswork\450\j-17.jpg,1966,South Cornish Coast,C,36,48,Oil on Board,Available,,.jpg
C:\Users\Craig\Documents\GitHub\peterliddle.github.io\assets\artistswork\450\j-18.jpg,1966,Celtic Wheel,O,36,48,Oil on Board,Available,,.jpg
C:\Users\Craig\Documents\GitHub\peterliddle.github.io\assets\artistswork\450\j-19.jpg,1966,Cornish Wheel,O,36,30,Oil on Board,Available,,.jpg
C:\Users\Craig\Documents\GitHub\peterliddle.github.io\assets\artistswork\450\k-04.jpg,1966,Harbour Painting No.15,C,36,24,Acrylic on board,Available,,.jpg
C:\Users\Craig\Documents\GitHub\peterliddle.github.io\assets\artistswork\450\k-35.jpg,1966,Perbargus Cove No.2,C,36,24,Acrylic on board,Available,,.jpg
C:\Users\Craig\Documents\GitHub\peterliddle.github.io\assets\artistswork\450\k-36.jpg,1966,Perbargus Cove No.5,C,36,24,Acrylic on board,Available,,.jpg
C:\Users\Craig\Documents\GitHub\peterliddle.github.io\assets\artistswork\450\k-37.jpg,1966,Perbargus Cove No.4,C,36,24,Acrylic on board,Available,,.jpg
C:\Users\Craig\Documents\GitHub\peterliddle.github.io\assets\artistswork\450\k-38.jpg,1966,Cliff Path,O,27,13,Acrylic on Canvas,Available,,.jpg
C:\Users\Craig\Documents\GitHub\peterliddle.github.io\assets\artistswork\450\k-46.jpg,1966,Causeway,C,,,Acrylic on Canvas,Sold,,.jpg
C:\Users\Craig\Documents\GitHub\peterliddle.github.io\assets\artistswork\450\k-47.jpg,1966,Harbour Painting,C,16,12,Acrylic on Board,Sold,,.jpg
C:\Users\Craig\Documents\GitHub\peterliddle.github.io\assets\artistswork\450\k-12.jpg,1967,Blue Flash,O,48,42,Acrylic on board,Available,,.jpg
C:\Users\Craig\Documents\GitHub\peterliddle.github.io\assets\artistswork\450\k-15.jpg,1967,Kick,O,24,36,Acrylic on board,Available,,.jpg
C:\Users\Craig\Documents\GitHub\peterliddle.github.io\assets\artistswork\450\k-16.jpg,1967,"Dancers, Fonteyn and Nuri (Nureyev)",O,48,36,Acrylic on board,Available,,.jpg
C:\Users\Craig\Documents\GitHub\peterliddle.github.io\assets\artistswork\450\k-21.jpg,1967,Red Cell,O,36,24,Acrylic on board,Available,,.jpg
C:\Users\Craig\Documents\GitHub\peterliddle.github.io\assets\artistswork\450\k-23a.jpg,1967,Green Giantess,O,19,25,Acrylic on Canvas,Available,,.jpg
C:\Users\Craig\Documents\GitHub\peterliddle.github.io\assets\artistswork\450\k-29.jpg,1967,Dozmary Pool No.1,M,24,30,Acrylic on board,Available,,.jpg
C:\Users\Craig\Documents\GitHub\peterliddle.github.io\assets\artistswork\450\k-30.jpg,1967,Dozmary Pool No.2,M,24,18,Acrylic on board,Available,,.jpg
C:\Users\Craig\Documents\GitHub\peterliddle.github.io\assets\artistswork\450\k-39b.jpg,1968,Track Through the Wood,O,17.5,24,Acrylic on Canvas,Available,,.jpg
C:\Users\Craig\Documents\GitHub\peterliddle.github.io\assets\artistswork\450\k-40a.jpg,1968,Hidden Valley,O,25,19,Acrylic on Canvas,Available,,.jpg
C:\Users\Craig\Documents\GitHub\peterliddle.github.io\assets\artistswork\450\k-40b.jpg,1968,Llano Estacado,O,27,13,Acrylic on Canvas,Available,,.jpg
C:\Users\Craig\Documents\GitHub\peterliddle.github.io\assets\artistswork\450\k-41.jpg,1968,Headland,O,20,16,Acrylic on Canvas,Available,,.jpg
C:\Users\Craig\Documents\GitHub\peterliddle.github.io\assets\artistswork\450\k-42.jpg,1968,Sun,O,14,17,Acrylic on Canvas,Available,,.jpg
C:\Users\Craig\Documents\GitHub\peterliddle.github.io\assets\artistswork\450\k-43.jpg,1968,Gorran Landscape,O,21,14,Acrylic on Canvas,Available,,.jpg
C:\Users\Craig\Documents\GitHub\peterliddle.github.io\assets\artistswork\450\k-44.jpg,1968,Models Resting,O,18,24,Acrylic on Canvas,Available,,.jpg
C:\Users\Craig\Documents\GitHub\peterliddle.github.io\assets\artistswork\450\k-45.jpg,1968,Reclining Landscape,O,24,18,Acrylic on Canvas,Available,,.jpg
C:\Users\Craig\Documents\GitHub\peterliddle.github.io\assets\artistswork\450\k-39a.jpg,1969,Bodmin Moor,M,28.5,12,Acrylic on Canvas,Available,,.jpg
C:\Users\Craig\Documents\GitHub\peterliddle.github.io\assets\artistswork\450\l-02.jpg,1969,Wave Painting No.2,C,22,14,Acrylic on Canvas,Available,,.jpg
C:\Users\Craig\Documents\GitHub\peterliddle.github.io\assets\artistswork\450\l-03.jpg,1969,Wave Painting No.3,C,19,25,Acrylic on Canvas,Available,,.jpg
C:\Users\Craig\Documents\GitHub\peterliddle.github.io\assets\artistswork\450\l-04.jpg,1969,Wave No.5 - Sunrise Portholland,C,24.5,17.5,Acrylic on Canvas,Available,,.jpg
C:\Users\Craig\Documents\GitHub\peterliddle.github.io\assets\artistswork\450\l-05.jpg,1969,Wave Painting,C,,,Acrylic on Canvas,Sold,,.jpg
C:\Users\Craig\Documents\GitHub\peterliddle.github.io\assets\artistswork\450\l-06.jpg,1969,Storm Waves,C,25,14,Acrylic on Canvas,Available,,.jpg
C:\Users\Craig\Documents\GitHub\peterliddle.github.io\assets\artistswork\450\l-08.jpg,1969,Wave Painting No.6,C,27,15,Acrylic on Canvas,Available,,.jpg
C:\Users\Craig\Documents\GitHub\peterliddle.github.io\assets\artistswork\450\l-09.jpg,1969,Small Wave,C,10,8,Acrylic on Canvas,Available,,.jpg
C:\Users\Craig\Documents\GitHub\peterliddle.github.io\assets\artistswork\450\l-11.jpg,1969,Wave Painting No.8,C,33,22,Acrylic on Canvas,Available,,.jpg
C:\Users\Craig\Documents\GitHub\peterliddle.github.io\assets\artistswork\450\l-12.jpg,1969,Wave Painting No. 9,C,12,14,Acrylic on Canvas,Available,,.jpg
C:\Users\Craig\Documents\GitHub\peterliddle.github.io\assets\artistswork\450\l-14.jpg,1969,Morning Star,C,24,19,Acrylic on Canvas,Available,,.jpg
C:\Users\Craig\Documents\GitHub\peterliddle.github.io\assets\artistswork\450\m-00.jpg,1970,Black Barn Chilterns,O,18.5,22,Acrylic on Canvas,Available,,.jpg
C:\Users\Craig\Documents\GitHub\peterliddle.github.io\assets\artistswork\450\m-03.jpg,1970,Chiltern Hills No.1,M,19.5,17.5,Acrylic on Canvas,Available,,.jpg
C:\Users\Craig\Documents\GitHub\peterliddle.github.io\assets\artistswork\450\m-08.jpg,1970,North Downs,M,16,12,Acrylic on Canvas,Available,,.jpg
C:\Users\Craig\Documents\GitHub\peterliddle.github.io\assets\artistswork\450\m-10.jpg,1970,Egyptology,O,29,22,Acrylic on Canvas,Available,,.jpg
C:\Users\Craig\Documents\GitHub\peterliddle.github.io\assets\artistswork\450\m-11.jpg,1970,Small Water No.1,M,49,38,Acrylic on Canvas,Available,,.jpg
C:\Users\Craig\Documents\GitHub\peterliddle.github.io\assets\artistswork\450\m-12.jpg,1970,Small Water No.2,M,26,36,Acrylic on Canvas,Available,,.jpg
C:\Users\Craig\Documents\GitHub\peterliddle.github.io\assets\artistswork\450\m-15.jpg,1970,Chiltern Hills No.2,M,22,19,Acrylic on Canvas,Available,,.jpg
C:\Users\Craig\Documents\GitHub\peterliddle.github.io\assets\artistswork\450\m-16.jpg,1970,Portrait Poem No.1,O,16,13,Mixed Media - Acrylic & Wood,Artist's Collection,,.jpg
C:\Users\Craig\Documents\GitHub\peterliddle.github.io\assets\artistswork\450\m-18.jpg,1970,Small Water No.3,M,32,22,Acrylic on Canvas,Available,,.jpg
C:\Users\Craig\Documents\GitHub\peterliddle.github.io\assets\artistswork\450\m-01.jpg,1971,Dream Machine No.1,O,21,17.5,Acrylic on Canvas,Available,,.jpg
C:\Users\Craig\Documents\GitHub\peterliddle.github.io\assets\artistswork\450\m-04.jpg,1971,Dream Machine No.2,O,26,36,Acrylic on Canvas,Available,,.jpg
C:\Users\Craig\Documents\GitHub\peterliddle.github.io\assets\artistswork\450\m-05.jpg,1971,Chilterns,O,,,Acrylic on Canvas,Sold,,.jpg
C:\Users\Craig\Documents\GitHub\peterliddle.github.io\assets\artistswork\450\m-06.jpg,1971,Dream Machine No.3,O,14,12,Acrylic on Canvas,Available,,.jpg
C:\Users\Craig\Documents\GitHub\peterliddle.github.io\assets\artistswork\450\m-07.jpg,1971,Chiltern Sun,O,16,12,Acrylic on Canvas,Available,,.jpg
C:\Users\Craig\Documents\GitHub\peterliddle.github.io\assets\artistswork\450\m-09.jpg,1971,Dream Landscape,O,18,20,Acrylic on Canvas,Available,,.jpg
C:\Users\Craig\Documents\GitHub\peterliddle.github.io\assets\artistswork\450\m-17.jpg,1971,Portrait Poem No.2,O,36,48,Acrylic on Canvas,Artist's Collection,,.jpg
C:\Users\Craig\Documents\GitHub\peterliddle.github.io\assets\artistswork\450\WM_72-05.jpg,1972,Blencathra No.5,M,24,18,Acrylic on Canvas,Available,,.jpg
C:\Users\Craig\Documents\GitHub\peterliddle.github.io\assets\artistswork\450\WM_72-06.jpg,1972,Blencathra No.6,M,24,18,Acrylic on Canvas,Available,,.jpg
C:\Users\Craig\Documents\GitHub\peterliddle.github.io\assets\artistswork\450\WM_72-08.jpg,1972,Galloway No.1,C,24,24,Acrylic on Canvas,Available,,.jpg
C:\Users\Craig\Documents\GitHub\peterliddle.github.io\assets\artistswork\450\WM_72-10.jpg,1972,Galloway No.3,C,36,30,Acrylic on Canvas,Sold,,.jpg
C:\Users\Craig\Documents\GitHub\peterliddle.github.io\assets\artistswork\450\WM_73-01.jpg,1973,Snowline No.1,M,18,14.5,Acrylic on Canvas,Available,,.jpg
C:\Users\Craig\Documents\GitHub\peterliddle.github.io\assets\artistswork\450\WM_73-07.jpg,1973,Sea Form No.4,C,36,24,Acrylic on Canvas,Available,,.jpg
C:\Users\Craig\Documents\GitHub\peterliddle.github.io\assets\artistswork\450\WM_73-08.jpg,1973,Sea Form No.5,C,42,36,Acrylic on Canvas,Available,,.jpg
C:\Users\Craig\Documents\GitHub\peterliddle.github.io\assets\artistswork\450\WM_73-09.jpg,1973,Sea Moon,C,36,30,Acrylic on Canvas,Available,,.jpg
C:\Users\Craig\Documents\GitHub\peterliddle.github.io\assets\artistswork\450\WM_73-10.jpg,1973,Swindale Force No.1,M,31,33,Acrylic on Canvas,Available,,.jpg
C:\Users\Craig\Documents\GitHub\peterliddle.github.io\assets\artistswork\450\WM_73-13.jpg,1973,Swindale Force No.4,M,20,20,Acrylic on Canvas,Available,,.jpg
C:\Users\Craig\Documents\GitHub\peterliddle.github.io\assets\artistswork\450\WM_73-19.jpg,1973,Corsewall Point No.1,C,32,38.5,Acrylic on Canvas,Available,,.jpg
C:\Users\Craig\Documents\GitHub\peterliddle.github.io\assets\artistswork\450\WM_73-20.jpg,1973,St Ninian's Cave,C,42.5,36.5,Acrylic on Canvas,Available,,.jpg
C:\Users\Craig\Documents\GitHub\peterliddle.github.io\assets\artistswork\450\WM_73-21.jpg,1973,Mountain Pass,M,12,14,Acrylic on Canvas,Available,,.jpg
C:\Users\Craig\Documents\GitHub\peterliddle.github.io\assets\artistswork\450\WM_74-02.jpg,1974,Crossfell Snowline,M,44,34,Acrylic on Canvas,Available,,.jpg
C:\Users\Craig\Documents\GitHub\peterliddle.github.io\assets\artistswork\450\WM_74-04.jpg,1974,Haweswater,M,31,27,Acrylic on Canvas,Available,,.jpg
C:\Users\Craig\Documents\GitHub\peterliddle.github.io\assets\artistswork\450\WM_74-05.jpg,1974,Corsewall Point No.2,C,25.5,20,Acrylic on Canvas,Available,,.jpg
C:\Users\Craig\Documents\GitHub\peterliddle.github.io\assets\artistswork\450\WM_74-06.jpg,1974,Needle's Eye,C,42,32,Acrylic on Canvas,Sold,,.jpg
C:\Users\Craig\Documents\GitHub\peterliddle.github.io\assets\artistswork\450\WM_74-08.jpg,1974,Lindisfarne Holy Rocks,C,36,26,Acrylic on Canvas,Available,,.jpg
C:\Users\Craig\Documents\GitHub\peterliddle.github.io\assets\artistswork\450\WM_74-09.jpg,1974,Beck Falls No.1,M,27.5,29,Acrylic on Canvas,Sold,,.jpg
C:\Users\Craig\Documents\GitHub\peterliddle.github.io\assets\artistswork\450\WM_74-13.jpg,1974,Silverband Mine No.2,M,50,36,Acrylic on Canvas,Available,,.jpg
C:\Users\Craig\Documents\GitHub\peterliddle.github.io\assets\artistswork\450\WM_74-15.jpg,1974,Lake Head,M,33.5,32,Acrylic on Canvas,Available,,.jpg
C:\Users\Craig\Documents\GitHub\peterliddle.github.io\assets\artistswork\450\WM_74-16.jpg,1974,Snowfield No.1,M,46,36,Acrylic on Canvas,Available,,.jpg
C:\Users\Craig\Documents\GitHub\peterliddle.github.io\assets\artistswork\450\WM_74-17.jpg,1974,Snowfield No.2,M,37.5,27.5,Acrylic on Canvas,Available,,.jpg
C:\Users\Craig\Documents\GitHub\peterliddle.github.io\assets\artistswork\450\WM_75-05.jpg,1975,Blue Wave,C,29,41,Acrylic on Canvas,Available,,.jpg
C:\Users\Craig\Documents\GitHub\peterliddle.github.io\assets\artistswork\450\WM_75-06.jpg,1975,Homage to Jobby,O,27,41,Acrylic on Canvas,Artist's Collection,,.jpg
C:\Users\Craig\Documents\GitHub\peterliddle.github.io\assets\artistswork\450\WM_75-07.jpg,1975,Rock Reflection No.1,C,39,45,Acrylic on Canvas,Available,,.jpg
C:\Users\Craig\Documents\GitHub\peterliddle.github.io\assets\artistswork\450\WM_75-12.jpg,1975,Sleeping Rocks,C,18,22,Acrylic on Canvas,Available,,.jpg
C:\Users\Craig\Documents\GitHub\peterliddle.github.io\assets\artistswork\450\WM_75-15.jpg,1975,Driftwood No.1,C,36.5,43.5,Acrylic on Canvas,Available,,.jpg
C:\Users\Craig\Documents\GitHub\peterliddle.github.io\assets\artistswork\450\WM_75-16.jpg,1975,Driftwood No.2,C,23,37,Acrylic on Canvas,Available,,.jpg
C:\Users\Craig\Documents\GitHub\peterliddle.github.io\assets\artistswork\450\WM_75-17.jpg,1975,Driftwood No.3,C,18,22,Acrylic on Canvas,Available,,.jpg
C:\Users\Craig\Documents\GitHub\peterliddle.github.io\assets\artistswork\450\WM_75-18.jpg,1975,Rock Arch,C,27.5,29.5,Acrylic on Canvas,Available,,.jpg
C:\Users\Craig\Documents\GitHub\peterliddle.github.io\assets\artistswork\450\WM_75-19.jpg,1975,Mersey Dock No.1,O,25.5,22,Acrylic on Canvas,Available,,.jpg
C:\Users\Craig\Documents\GitHub\peterliddle.github.io\assets\artistswork\450\WM_75-20.jpg,1975,Mersey Dock No.2,O,33,36,Acrylic on Canvas,Available,,.jpg
C:\Users\Craig\Documents\GitHub\peterliddle.github.io\assets\artistswork\450\WM_75-21.jpg,1975,Mersey Dock No.3,C,20,16,Acrylic on Canvas,Sold,,.jpg
C:\Users\Craig\Documents\GitHub\peterliddle.github.io\assets\artistswork\450\WM_76-01.jpg,1976,Eagle Isle  No.1,M,40,51.5,Acrylic on Canvas,Available,,.jpg
C:\Users\Craig\Documents\GitHub\peterliddle.github.io\assets\artistswork\450\WM_76-02.jpg,1976,Eagle Isle  No.2,M,51.5,39,Acrylic on Canvas,Available,,.jpg
C:\Users\Craig\Documents\GitHub\peterliddle.github.io\assets\artistswork\450\WM_76-04.jpg,1976,Tarn Rocks No.2,M,26,36,Acrylic on Canvas,Sold,,.jpg
C:\Users\Craig\Documents\GitHub\peterliddle.github.io\assets\artistswork\450\WM_76-06.jpg,1976,Durdle Door ,C,35.5,25.5,Acrylic on Canvas,Sold,,.jpg
C:\Users\Craig\Documents\GitHub\peterliddle.github.io\assets\artistswork\450\WM_76-08.jpg,1976,Drumbreddan Bay No.1,C,12.5,17.5,Acrylic on Canvas,Available,,.jpg
C:\Users\Craig\Documents\GitHub\peterliddle.github.io\assets\artistswork\450\WM_76-09.jpg,1976,Drumbreddan Bay No.2,C,17.5,21,Acrylic on Canvas,Available,,.jpg
C:\Users\Craig\Documents\GitHub\peterliddle.github.io\assets\artistswork\450\WM_76-11.jpg,1976,Drumbreddan Bay No.4,C,37,48,Acrylic on Canvas,Available,,.jpg
C:\Users\Craig\Documents\GitHub\peterliddle.github.io\assets\artistswork\450\WM_76-12.jpg,1976,Hardknott Fort,M,37,32.5,Acrylic on Canvas,Available,,.jpg
C:\Users\Craig\Documents\GitHub\peterliddle.github.io\assets\artistswork\450\WM_76-13.jpg,1976,"Druid Circle, Castlerigg",M,36,42,Acrylic on Canvas,Available,,.jpg
C:\Users\Craig\Documents\GitHub\peterliddle.github.io\assets\artistswork\450\WM_76-20.jpg,1976,Measand Beck,M,24,32,Acrylic on Canvas,Available,,.jpg
C:\Users\Craig\Documents\GitHub\peterliddle.github.io\assets\artistswork\450\WM_76-22.jpg,1976,Sunset 76 No.2,C,32,42,Acrylic on Canvas,Available,,.jpg
C:\Users\Craig\Documents\GitHub\peterliddle.github.io\assets\artistswork\450\WM_77-01.jpg,1977,Lake Shore Winter,M,36,29,Acrylic on Canvas,Available,,.jpg
C:\Users\Craig\Documents\GitHub\peterliddle.github.io\assets\artistswork\450\WM_77-02.jpg,1977,Solway Sands,C,48,36,Acrylic on Canvas,Available,,.jpg
C:\Users\Craig\Documents\GitHub\peterliddle.github.io\assets\artistswork\450\WM_77-06.jpg,1977,Dubmill Point No.2 ,C,22,20,Acrylic on Canvas,Artist's Collection,,.jpg
C:\Users\Craig\Documents\GitHub\peterliddle.github.io\assets\artistswork\450\WM_77-07.jpg,1977,Dunskey Beach No.1,C,26,36,Acrylic on Canvas,Available,,.jpg
C:\Users\Craig\Documents\GitHub\peterliddle.github.io\assets\artistswork\450\WM_77-09.jpg,1977,Dunskey Beach No.3,C,32,42,Acrylic on Canvas,Sold,,.jpg
C:\Users\Craig\Documents\GitHub\peterliddle.github.io\assets\artistswork\450\WM_77-11.jpg,1977,Beach on the Mull of Galloway,C,43,32,Acrylic on Canvas,Artist's Collection,,.jpg
C:\Users\Craig\Documents\GitHub\peterliddle.github.io\assets\artistswork\450\WM_78-01.jpg,1978,Winter on Whale Moor No.1,M,36.5,36.5,Acrylic on Canvas,Available,,.jpg
C:\Users\Craig\Documents\GitHub\peterliddle.github.io\assets\artistswork\450\WM_78-02.jpg,1978,Winter on Whale Moor No.2,M,31,23.5,Oil on Canvas,Available,,.jpg
C:\Users\Craig\Documents\GitHub\peterliddle.github.io\assets\artistswork\450\WM_78-03.jpg,1978,Heughs of Laggan,C,31,23.5,Oil on Canvas,Available,,.jpg
C:\Users\Craig\Documents\GitHub\peterliddle.github.io\assets\artistswork\450\WM_78-05.jpg,1978,Balcary Beach No.2,C,22,17.5,Oil on Canvas,Available,,.jpg
C:\Users\Craig\Documents\GitHub\peterliddle.github.io\assets\artistswork\450\WM_78-06.jpg,1978,"Blue Rock, Castle Point",C,31,23.5,Acrylic on Canvas,Sold,,.jpg
C:\Users\Craig\Documents\GitHub\peterliddle.github.io\assets\artistswork\450\WM_78-08.jpg,1978,Mussel Shell Mausoleum,C,36.5,46.5,Acrylic on Canvas,Artist's Collection,,.jpg
C:\Users\Craig\Documents\GitHub\peterliddle.github.io\assets\artistswork\450\WM_78-10.jpg,1978,Rough Island,C,31,23.5,Acrylic on Canvas,Available,,.jpg
C:\Users\Craig\Documents\GitHub\peterliddle.github.io\assets\artistswork\450\WM_79-01.jpg,1979,Barcloy Beach No.1,C,22,35,Acrylic on Canvas,Available,,.jpg
C:\Users\Craig\Documents\GitHub\peterliddle.github.io\assets\artistswork\450\WM_79-02.jpg,1979,Galloway Suite No.1,C,27,39,Acrylic on Canvas,Artist's Collection,,.jpg
C:\Users\Craig\Documents\GitHub\peterliddle.github.io\assets\artistswork\450\WM_79-03.jpg,1979,Barcloy Beach No.2,C,22,33,Acrylic on Canvas,Available,,.jpg
C:\Users\Craig\Documents\GitHub\peterliddle.github.io\assets\artistswork\450\WM_79-06.jpg,1979,Galloway Suite No.2,C,35,45,Acrylic on Canvas,Artist's Collection,,.jpg
C:\Users\Craig\Documents\GitHub\peterliddle.github.io\assets\artistswork\450\WM_79-09.jpg,1979,Galloway Suite No.5,C,27,34,Acrylic on Canvas,Artist's Collection,,.jpg
C:\Users\Craig\Documents\GitHub\peterliddle.github.io\assets\artistswork\450\WM_79-10.jpg,1979,Rock Pool,C,31,41,Acrylic on Canvas,Sold,,.jpg
C:\Users\Craig\Documents\GitHub\peterliddle.github.io\assets\artistswork\450\WM_79-12.jpg,1979,Low Tide,C,12,17,Acrylic on Canvas,Sold,,.jpg
C:\Users\Craig\Documents\GitHub\peterliddle.github.io\assets\artistswork\450\WM_79-13.jpg,1979,Hebridean Storm,C,12,17,Acrylic on Canvas,Artist's Collection,,.jpg
C:\Users\Craig\Documents\GitHub\peterliddle.github.io\assets\artistswork\450\WM_79-15.jpg,1979,Hebridean Islands,C,31,41,Acrylic on Canvas,Available,,.jpg
C:\Users\Craig\Documents\GitHub\peterliddle.github.io\assets\artistswork\450\WM_79-17.jpg,1979,Hebridean Dawn,C,25,32,Acrylic on Canvas,Sold,,.jpg
C:\Users\Craig\Documents\GitHub\peterliddle.github.io\assets\artistswork\450\WM_79-18.jpg,1979,Rough Firth,C,24,28,Oil on Canvas,Available,,.jpg
C:\Users\Craig\Documents\GitHub\peterliddle.github.io\assets\artistswork\450\WM_97-09.jpg,1979,Small Water Crags,M,14,12,Oil on Canvas,Available,,.jpg
C:\Users\Craig\Documents\GitHub\peterliddle.github.io\assets\artistswork\450\WM_80-01.jpg,1980,Paps of Jura from Kintyre,C,30.5,31,Acrylic on Canvas,Sold,,.jpg
C:\Users\Craig\Documents\GitHub\peterliddle.github.io\assets\artistswork\450\WM_80-02.jpg,1980,Garvellachs Islands,C,33,37,Acrylic on Canvas,Sold,,.jpg
C:\Users\Craig\Documents\GitHub\peterliddle.github.io\assets\artistswork\450\WM_80-03.jpg,1980,"Kilbrannan Sound, Kintyre",C,24,31.75,Acrylic on Canvas,Sold,,.jpg
C:\Users\Craig\Documents\GitHub\peterliddle.github.io\assets\artistswork\450\WM_80-04.jpg,1980,Ailsa Craig,C,23,28,Acrylic on Canvas,Available,,.jpg
C:\Users\Craig\Documents\GitHub\peterliddle.github.io\assets\artistswork\450\WM_80-05.jpg,1980,Arran from Kintyre,C,28,32,Acrylic on Canvas,Sold,,.jpg
C:\Users\Craig\Documents\GitHub\peterliddle.github.io\assets\artistswork\450\WM_80-06.jpg,1980,Grisedale,M,32,42,Oil on Canvas,Available,,.jpg
C:\Users\Craig\Documents\GitHub\peterliddle.github.io\assets\artistswork\450\WM_80-07.jpg,1980,Mountain Tarn,M,24,31,Oil on Canvas,Available,,.jpg
C:\Users\Craig\Documents\GitHub\peterliddle.github.io\assets\artistswork\450\WM_80-08.jpg,1980,High Street Summit,M,21,24,Oil on Board,Available,,.jpg
C:\Users\Craig\Documents\GitHub\peterliddle.github.io\assets\artistswork\450\WM_81-01.jpg,1981,Aira Beck No.1,M,40,32,Acrylic on Canvas,Sold,,.jpg
C:\Users\Craig\Documents\GitHub\peterliddle.github.io\assets\artistswork\450\WM_81-02.jpg,1981,Nan Bield,M,32,42,Acrylic on Canvas,Sold,,.jpg
C:\Users\Craig\Documents\GitHub\peterliddle.github.io\assets\artistswork\450\WM_81-03.jpg,1981,Aira Beck No.2,M,25,25,Oil on canvas,Sold,,.jpg
C:\Users\Craig\Documents\GitHub\peterliddle.github.io\assets\artistswork\450\WM_81-05.jpg,1981,Distant Helvellyn,M,14,21,Oil on Board,Available,,.jpg
C:\Users\Craig\Documents\GitHub\peterliddle.github.io\assets\artistswork\450\WM_81-08.jpg,1981,Figures in a Room,O,17,12,Oil on Canvas,Available,,.jpg
C:\Users\Craig\Documents\GitHub\peterliddle.github.io\assets\artistswork\450\WM_81-09.jpg,1981,Sandra in Sea,C,21,27,Oil on Canvas,Available,,.jpg
C:\Users\Craig\Documents\GitHub\peterliddle.github.io\assets\artistswork\450\WM_81-10.jpg,1981,Sandwick Meadow,M,31,31,Acrylic on Canvas,Available,,.jpg
C:\Users\Craig\Documents\GitHub\peterliddle.github.io\assets\artistswork\450\WM_81-11.jpg,1981,Sleddale Beck No.1,M,42,32,Acrylic on Canvas,Sold,,.jpg
C:\Users\Craig\Documents\GitHub\peterliddle.github.io\assets\artistswork\450\WM_81-12.jpg,1981,Sleddale Beck No.2,M,32,42,Acrylic on Canvas,Sold,,.jpg
C:\Users\Craig\Documents\GitHub\peterliddle.github.io\assets\artistswork\450\WM_81-13.jpg,1981,"Posts - Llanina, Dyfed No.1",C,28,23,Acrylic on Canvas,Available,,.jpg
C:\Users\Craig\Documents\GitHub\peterliddle.github.io\assets\artistswork\450\WM_81-14.jpg,1981,Sandwick Meadow No.2,M,28,32,Oil on Canvas,Available,,.jpg
C:\Users\Craig\Documents\GitHub\peterliddle.github.io\assets\artistswork\450\WM_82-01.jpg,1982,"Quartz Rock, Dyfed",C,28,32,Acrylic on Canvas,Available,,.jpg
C:\Users\Craig\Documents\GitHub\peterliddle.github.io\assets\artistswork\450\WM_82-02.jpg,1982,"Posts - Llanina, Dyfed No.2",C,31,41,Acrylic on Canvas,Available,,.jpg
C:\Users\Craig\Documents\GitHub\peterliddle.github.io\assets\artistswork\450\WM_82-03.jpg,1982,Sunset Llanina,C,24,31,Acrylic on Canvas,Available,,.jpg
C:\Users\Craig\Documents\GitHub\peterliddle.github.io\assets\artistswork\450\WM_82-04.jpg,1982,The Rescue,O,32,42,Acrylic on Canvas,Available,,.jpg
C:\Users\Craig\Documents\GitHub\peterliddle.github.io\assets\artistswork\450\WM_82-05a.jpg,1982,Rock Forms No.1,C,31,24,Acrylic on Canvas,Available,,.jpg
C:\Users\Craig\Documents\GitHub\peterliddle.github.io\assets\artistswork\450\WM_82-05b.jpg,1982,Rock Forms No.2,C,34,32,Acrylic on Canvas,Available,,.jpg
C:\Users\Craig\Documents\GitHub\peterliddle.github.io\assets\artistswork\450\WM_82-06.jpg,1982,"Driftwood, Haweswater No.1",M,29,36,Acrylic on Canvas,Available,,.jpg
C:\Users\Craig\Documents\GitHub\peterliddle.github.io\assets\artistswork\450\WM_82-07.jpg,1982,"Driftwood, Haweswater No.2",M,18,24,Acrylic on Canvas,Available,,.jpg
C:\Users\Craig\Documents\GitHub\peterliddle.github.io\assets\artistswork\450\WM_82-08.jpg,1982,"Driftwood, Haweswater No.3",M,32,42,Acrylic on Canvas,Available,,.jpg
C:\Users\Craig\Documents\GitHub\peterliddle.github.io\assets\artistswork\450\WM_82-09.jpg,1982,Stravinsky,O,12,17,Acrylic on Canvas,Available,,.jpg
C:\Users\Craig\Documents\GitHub\peterliddle.github.io\assets\artistswork\450\WM_82-10.jpg,1982,Sandra,O,31,23.5,Acrylic on Canvas,Artist's Collection,,.jpg
C:\Users\Craig\Documents\GitHub\peterliddle.github.io\assets\artistswork\450\WM_82-11.jpg,1982,Sandra Red Chair,O,13,20,Acrylic on Canvas,Available,,.jpg
C:\Users\Craig\Documents\GitHub\peterliddle.github.io\assets\artistswork\450\WM_82-12.jpg,1982,High Places No.1,M,24,36,Acrylic on Canvas,Sold,,.jpg
C:\Users\Craig\Documents\GitHub\peterliddle.github.io\assets\artistswork\450\WM_82-13.jpg,1982,High Places No.2,M,35,33,Acrylic on Canvas,Sold,,.jpg
C:\Users\Craig\Documents\GitHub\peterliddle.github.io\assets\artistswork\450\WM_82-14.jpg,1982,Spring Awakening,M,21,24,Acrylic on Canvas,Sold,,.jpg
C:\Users\Craig\Documents\GitHub\peterliddle.github.io\assets\artistswork\450\WM_82-15.jpg,1982,Brown Howe,M,10,15,Acrylic on Canvas,Available,,.jpg
C:\Users\Craig\Documents\GitHub\peterliddle.github.io\assets\artistswork\450\WM_82-16.jpg,1982,Ullswater Shore No.1,M,14,21,Acrylic on Canvas,Sold,,.jpg
C:\Users\Craig\Documents\GitHub\peterliddle.github.io\assets\artistswork\450\WM_82-17.jpg,1982,Ullswater Shore No.2,M,12,17,Acrylic on Canvas,Sold,,.jpg
C:\Users\Craig\Documents\GitHub\peterliddle.github.io\assets\artistswork\450\WM_82-18.jpg,1982,Figures on Red,O,30,31,Acrylic on Canvas,Available,,.jpg
C:\Users\Craig\Documents\GitHub\peterliddle.github.io\assets\artistswork\450\WM_83-02.jpg,1983,Riggindale Ridge No.1,M,41,31,Acrylic on Canvas,Sold,,.jpg
C:\Users\Craig\Documents\GitHub\peterliddle.github.io\assets\artistswork\450\WM_83-03.jpg,1983,Riggindale Ridge No.2,M,42,32,Acrylic on Canvas,Sold,,.jpg
C:\Users\Craig\Documents\GitHub\peterliddle.github.io\assets\artistswork\450\WM_83-04.jpg,1983,Riggindale Ridge No.3,M,31,24,Acrylic on Canvas,Sold,,.jpg
C:\Users\Craig\Documents\GitHub\peterliddle.github.io\assets\artistswork\450\WM_83-05.jpg,1983,Evening Clouds Haystacks,M,18,20,Acrylic on Canvas,Available,,.jpg
C:\Users\Craig\Documents\GitHub\peterliddle.github.io\assets\artistswork\450\WM_83-06.jpg,1983,Evening Clouds High Stile,M,28,23,Acrylic on Canvas,Available,,.jpg
C:\Users\Craig\Documents\GitHub\peterliddle.github.io\assets\artistswork\450\WM_83-07.jpg,1983,Evening Clouds Honister,M,19,12,Acrylic on Canvas,Sold,,.jpg
C:\Users\Craig\Documents\GitHub\peterliddle.github.io\assets\artistswork\450\WM_83-08.jpg,1983,First Snow Ullswater,M,24,18,Acrylic on Canvas,Sold,,.jpg
C:\Users\Craig\Documents\GitHub\peterliddle.github.io\assets\artistswork\450\WM_83-09.jpg,1983,Evening Clouds Honister Crag,M,12,17,Acrylic on Canvas,Sold,,.jpg
C:\Users\Craig\Documents\GitHub\peterliddle.github.io\assets\artistswork\450\WM_83-10.jpg,1983,Evening Clouds Red Pike,M,20,25,Acrylic on Canvas,Available,,.jpg
C:\Users\Craig\Documents\GitHub\peterliddle.github.io\assets\artistswork\450\WM_83-11.jpg,1983,Striding Edge No.1,M,31,41,Acrylic on Canvas,Sold,,.jpg
C:\Users\Craig\Documents\GitHub\peterliddle.github.io\assets\artistswork\450\WM_83-12.jpg,1983,Striding Edge No.2,M,31,31.5,Acrylic on Canvas,Sold,,.jpg
C:\Users\Craig\Documents\GitHub\peterliddle.github.io\assets\artistswork\450\WM_83-13.jpg,1983,Low Tide Allonby,C,31,24,Acrylic on Canvas,Sold,,.jpg
C:\Users\Craig\Documents\GitHub\peterliddle.github.io\assets\artistswork\450\WM_83-14.jpg,1983,Helvellyn Summit,M,27,21,Acrylic on Canvas,Sold,,.jpg
C:\Users\Craig\Documents\GitHub\peterliddle.github.io\assets\artistswork\450\WM_83-15.jpg,1983,Figures on the Beach,C,26,22,Oil on Canvas,Available,,.jpg
C:\Users\Craig\Documents\GitHub\peterliddle.github.io\assets\artistswork\450\WM_83-16.jpg,1983,West Penwith,C,30.5,26.5,Oil on Canvas,Available,,.jpg
C:\Users\Craig\Documents\GitHub\peterliddle.github.io\assets\artistswork\450\WM_84-01.jpg,1984,Lingering Snow,M,20,18,Acrylic on Canvas,Available,,.jpg
C:\Users\Craig\Documents\GitHub\peterliddle.github.io\assets\artistswork\450\WM_84-02.jpg,1984,The Way Down,M,32,42,Acrylic on CAnvas,Sold,,.jpg
C:\Users\Craig\Documents\GitHub\peterliddle.github.io\assets\artistswork\450\WM_84-03.jpg,1984,Falcon Crag,M,31,24,Acrylic on Canvas,Sold,,.jpg
C:\Users\Craig\Documents\GitHub\peterliddle.github.io\assets\artistswork\450\WM_84-04.jpg,1984,Veryan Bay,C,32,28,Acrylic on Canvas,Available,,.jpg
C:\Users\Craig\Documents\GitHub\peterliddle.github.io\assets\artistswork\450\WM_84-05.jpg,1984,Perbargus Cove,C,23,27,Acrylic on Canvas,Sold,,.jpg
C:\Users\Craig\Documents\GitHub\peterliddle.github.io\assets\artistswork\450\WM_84-06.jpg,1984,Low Tide No.1,C,32,24,Acrylic on Canvas,Available,,.jpg
C:\Users\Craig\Documents\GitHub\peterliddle.github.io\assets\artistswork\450\WM_84-08.jpg,1984,Above the Clouds,M,18,25,Oil on Canvas,Available,,.jpg
C:\Users\Craig\Documents\GitHub\peterliddle.github.io\assets\artistswork\450\WM_84-09.jpg,1984,Gull Rock,C,24,17,Oil on Canvas,Available,,.jpg
C:\Users\Craig\Documents\GitHub\peterliddle.github.io\assets\artistswork\450\WM_84-10.jpg,1984,Figure Painting No.1,O,18,20,Oil on Canvas,Available,,.jpg
C:\Users\Craig\Documents\GitHub\peterliddle.github.io\assets\artistswork\450\WM_84-11.jpg,1984,Figure Painting No.2,O,18,20,Oil on Canvas,Available,,.jpg
C:\Users\Craig\Documents\GitHub\peterliddle.github.io\assets\artistswork\450\WM_84-12.jpg,1984,Figure Painting No.3,O,24,18,Oil on Canvas,Available,,.jpg
C:\Users\Craig\Documents\GitHub\peterliddle.github.io\assets\artistswork\450\WM_84-13.jpg,1984,The Ceremony,O,21,27,Oil on Canvas,Available,,.jpg
C:\Users\Craig\Documents\GitHub\peterliddle.github.io\assets\artistswork\450\WM_84-14.jpg,1984,Summit ,M,18,20,Oil on Canvas,Available,,.jpg
C:\Users\Craig\Documents\GitHub\peterliddle.github.io\assets\artistswork\450\WM_84-15b.jpg,1984,Cave on Erraid,C,41,31,Oil on Canvas,Available,,.jpg
C:\Users\Craig\Documents\GitHub\peterliddle.github.io\assets\artistswork\450\WM_84-16.jpg,1984,Jura From Erraid,C,36,29,Acrylic on Canvas,Available,,.jpg
C:\Users\Craig\Documents\GitHub\peterliddle.github.io\assets\artistswork\450\WM_84-17.jpg,1984,Fidden Sands,C,24,29,Acrylic on Canvas,Sold,,.jpg
C:\Users\Craig\Documents\GitHub\peterliddle.github.io\assets\artistswork\450\WM_84-18.jpg,1984,Fidden,C,28,32,Acrylic on Canvas,Available,,.jpg
C:\Users\Craig\Documents\GitHub\peterliddle.github.io\assets\artistswork\450\WM_84-19.jpg,1984,Eilean Ghomain,C,31,28,Acrylic on Canvas,Available,,.jpg
C:\Users\Craig\Documents\GitHub\peterliddle.github.io\assets\artistswork\450\WM_84-20.jpg,1984,Sea Gully Erraid,C,32,42,Acrylic on Canvas,Sold,,.jpg
C:\Users\Craig\Documents\GitHub\peterliddle.github.io\assets\artistswork\450\WM_84-21.jpg,1984,Red Rocks St Abbs,C,42,32,Acrylic on Canvas,Available,,.jpg
C:\Users\Craig\Documents\GitHub\peterliddle.github.io\assets\artistswork\450\WM_85-01.jpg,1985,Kidsty Pike,M,32,40,Acrylic on Canvas,Available,,.jpg
C:\Users\Craig\Documents\GitHub\peterliddle.github.io\assets\artistswork\450\WM_85-02.jpg,1985,Spring Morning Ullswater No.1,M,21,27,Acrylic on Canvas,Sold,,.jpg
C:\Users\Craig\Documents\GitHub\peterliddle.github.io\assets\artistswork\450\WM_85-03.jpg,1985,Spring Morning Ullswater No.2,M,18,24,Acrylic on Canvas,Sold,,.jpg
C:\Users\Craig\Documents\GitHub\peterliddle.github.io\assets\artistswork\450\WM_85-04.jpg,1985,Snow Clouds Riggindale Ridge,M,24,18,Acrylic on Canvas,Sold,,.jpg
C:\Users\Craig\Documents\GitHub\peterliddle.github.io\assets\artistswork\450\WM_85-05.jpg,1985,Hop Gill (Between the Showers),M,,,Acrylic on Canvas,Sold,,.jpg
C:\Users\Craig\Documents\GitHub\peterliddle.github.io\assets\artistswork\450\WM_85-06.jpg,1985,Towards the Sea,M,32,40,Acrylic on Canvas,Sold,,.jpg
C:\Users\Craig\Documents\GitHub\peterliddle.github.io\assets\artistswork\450\WM_85-07.jpg,1985,Wave Killantringan,C,27,32,Acrylic on Canvas,Sold,,.jpg
C:\Users\Craig\Documents\GitHub\peterliddle.github.io\assets\artistswork\450\WM_85-08.jpg,1985,Killantringan Rock Pool,C,42,32,Acrylic on Canvas,Sold,,.jpg
C:\Users\Craig\Documents\GitHub\peterliddle.github.io\assets\artistswork\450\WM_85-09.jpg,1985,Killantringan Low Tide,C,24,18,Acrylic on Canvas,Sold,,.jpg
C:\Users\Craig\Documents\GitHub\peterliddle.github.io\assets\artistswork\450\WM_85-10.jpg,1985,Fidden Green Sea,C,36,28,Acrylic on Canvas,Available,,.jpg
C:\Users\Craig\Documents\GitHub\peterliddle.github.io\assets\artistswork\450\WM_85-11.jpg,1985,Fidden Sleeping Rocks,C,20,18,Acrylic on Canvas,Available,,.jpg
C:\Users\Craig\Documents\GitHub\peterliddle.github.io\assets\artistswork\450\WM_85-13.jpg,1985,Fidden Sands,C,24,18,Acrylic on Canvas,Sold,,.jpg
C:\Users\Craig\Documents\GitHub\peterliddle.github.io\assets\artistswork\450\WM_85-14.jpg,1985,Traig Ban Fidden,C,18,24,Acrylic on Canvas,Sold,,.jpg
C:\Users\Craig\Documents\GitHub\peterliddle.github.io\assets\artistswork\450\WM_85-16.jpg,1985,Alan in Reflective Mood,O,18,24,Acrylic on Canvas,Available,,.jpg
C:\Users\Craig\Documents\GitHub\peterliddle.github.io\assets\artistswork\450\WM_85-17.jpg,1985,Fidden The Silence,C,28,36,Acrylic on Canvas,Sold,,.jpg
C:\Users\Craig\Documents\GitHub\peterliddle.github.io\assets\artistswork\450\WM_85-18.jpg,1985,Reflecting Granite Fidden,C,36,28,Acrylic on Canvas,Sold,,.jpg
C:\Users\Craig\Documents\GitHub\peterliddle.github.io\assets\artistswork\450\WM_85-19.jpg,1985,Red Ball Killantringan,C,28,23,Acrylic on Canvas,Sold,,.jpg
C:\Users\Craig\Documents\GitHub\peterliddle.github.io\assets\artistswork\450\WM_85-20.jpg,1985,Fidden The Island,C,41,31,Acrylic on Canvas,Sold,,.jpg
C:\Users\Craig\Documents\GitHub\peterliddle.github.io\assets\artistswork\450\WM_86-01.jpg,1986,Killantringan Calm,C,32,24,Acrylic on Canvas,Sold,,.jpg
C:\Users\Craig\Documents\GitHub\peterliddle.github.io\assets\artistswork\450\WM_86-02.jpg,1986,Killantringan Gully,C,30,40,Acrylic on Canvas,Sold,,.jpg
C:\Users\Craig\Documents\GitHub\peterliddle.github.io\assets\artistswork\450\WM_86-03.jpg,1986,Portpatrick Jetty,C,31,31,Acrylic on Canvas,Sold,,.jpg
C:\Users\Craig\Documents\GitHub\peterliddle.github.io\assets\artistswork\450\WM_86-04.jpg,1986,Lots Wife,C,30,40,Oil on Canvas,Available,,.jpg
C:\Users\Craig\Documents\GitHub\peterliddle.github.io\assets\artistswork\450\WM_86-06.jpg,1986,Striding Edge,M,31,34.5,Oil on Canvas,Available,,.jpg
C:\Users\Craig\Documents\GitHub\peterliddle.github.io\assets\artistswork\450\WM_86-07.jpg,1986,Gable 86 'Stepping into Wasdale',M,28,36,Acrylic on Canvas,Sold,,.jpg
C:\Users\Craig\Documents\GitHub\peterliddle.github.io\assets\artistswork\450\WM_86-08.jpg,1986,Gable 86 'A Walk on the Wild Side',M,41,31,Acrylic on Canvas,Sold,,.jpg
C:\Users\Craig\Documents\GitHub\peterliddle.github.io\assets\artistswork\450\WM_86-09.jpg,1986,Easdale,M,24,18,Acrylic on Canvas,Available,,.jpg
C:\Users\Craig\Documents\GitHub\peterliddle.github.io\assets\artistswork\450\WM_86-10.jpg,1986,Traigh Ban Iona No.1,C,36,28,Acrylic on Canvas,Sold,,.jpg
C:\Users\Craig\Documents\GitHub\peterliddle.github.io\assets\artistswork\450\WM_86-11.jpg,1986,Langdales,M,24,17.5,Oil on Canvas,Sold,,.jpg
C:\Users\Craig\Documents\GitHub\peterliddle.github.io\assets\artistswork\450\WM_86-12.jpg,1986,Traigh Ban Iona No.3,C,30,40,Acrylic on Canvas,Sold,,.jpg
C:\Users\Craig\Documents\GitHub\peterliddle.github.io\assets\artistswork\450\WM_86-13.jpg,1986,Traig Gheal,C,26.5,30.5,Acrylic on Canvas,Available,,.jpg
C:\Users\Craig\Documents\GitHub\peterliddle.github.io\assets\artistswork\450\WM_86-14.jpg,1986,Traigh Ban Iona No.2,C,17.5,24,Acrylic on Canvas,Sold,,.jpg
C:\Users\Craig\Documents\GitHub\peterliddle.github.io\assets\artistswork\450\WM_86-15.jpg,1986,Fidden Stepping stones,C,30,40,Acrylic on Canvas,Available,,.jpg
C:\Users\Craig\Documents\GitHub\peterliddle.github.io\assets\artistswork\450\WM_86-16.jpg,1986,Blow Hole Iona,C,18,17.5,Acrylic on Canvas,Available,,.jpg
C:\Users\Craig\Documents\GitHub\peterliddle.github.io\assets\artistswork\450\WM_86-17.jpg,1986,Viaduct,M,18,24,Acrylic on Canvas,Available,,.jpg
C:\Users\Craig\Documents\GitHub\peterliddle.github.io\assets\artistswork\450\WM_86-18.jpg,1986,Early Snowstorm No.1,M,23.5,31,Acrylic on Canvas,Sold,,.jpg
C:\Users\Craig\Documents\GitHub\peterliddle.github.io\assets\artistswork\450\WM_86-20.jpg,1986,Early Snowstorm No.3,M,14,18.5,Acrylic on Canvas,Sold,,.jpg
C:\Users\Craig\Documents\GitHub\peterliddle.github.io\assets\artistswork\450\WM_86-21.jpg,1986,Oranges,O,24,18,Oil on Canvas,Available,,.jpg
C:\Users\Craig\Documents\GitHub\peterliddle.github.io\assets\artistswork\450\WM_86-22.jpg,1986,Green Sea Turf Fidden,C,18,24,Oil on Canvas,Available,,.jpg
C:\Users\Craig\Documents\GitHub\peterliddle.github.io\assets\artistswork\450\WM_87-01.jpg,1987,Winter Lake Shore No.1,M,28,36,Acrylic on Canvas,Available,,.jpg
C:\Users\Craig\Documents\GitHub\peterliddle.github.io\assets\artistswork\450\WM_87-02.jpg,1987,Winter Lake Shore No.2,M,18,20,Acrylic on Canvas,Sold,,.jpg
C:\Users\Craig\Documents\GitHub\peterliddle.github.io\assets\artistswork\450\WM_87-03.jpg,1987,Fidden,C,9,12,Acrylic on Canvas,Available,,.jpg
C:\Users\Craig\Documents\GitHub\peterliddle.github.io\assets\artistswork\450\WM_87-05.jpg,1987,Scree Gully  Fairfield,M,24,18,Acrylic on Canvas,Available,,.jpg
C:\Users\Craig\Documents\GitHub\peterliddle.github.io\assets\artistswork\450\WM_87-06.jpg,1987,Fairfield the Way Up,M,28,36,Acrylic on Canvas,Sold,,.jpg
C:\Users\Craig\Documents\GitHub\peterliddle.github.io\assets\artistswork\450\WM_87-07.jpg,1987,The Home Straight,M,28,36,Acrylic on Canvas,Sold,,.jpg
C:\Users\Craig\Documents\GitHub\peterliddle.github.io\assets\artistswork\450\WM_87-09.jpg,1987,Erraid Mist,C,28,36,Acrylic on Canvas,Available,,.jpg
C:\Users\Craig\Documents\GitHub\peterliddle.github.io\assets\artistswork\450\WM_87-10.jpg,1987,Fidden after the Storm,C,18,24,Oil on Canvas,Available,,.jpg
C:\Users\Craig\Documents\GitHub\peterliddle.github.io\assets\artistswork\450\WM_87-11.jpg,1987,Crab Apple,O,18,24,Oil on Canvas,Available,,.jpg
C:\Users\Craig\Documents\GitHub\peterliddle.github.io\assets\artistswork\450\WM_87-12.jpg,1987,Trees at the Swimming Pool,O,38,26,Oil on Canvas,Available,,.jpg
C:\Users\Craig\Documents\GitHub\peterliddle.github.io\assets\artistswork\450\WM_87-13.jpg,1987,In the Wood,O,24,30,Oil on Canvas,Available,,.jpg
C:\Users\Craig\Documents\GitHub\peterliddle.github.io\assets\artistswork\450\WM_87-14.jpg,1987,Fidden Storm Clouds Brewing,C,23,28,Oil on Canvas,Available,,.jpg
C:\Users\Craig\Documents\GitHub\peterliddle.github.io\assets\artistswork\450\WM_87-15.jpg,1987,Cornish Memories,C,30,40,Oil on Canvas,Available,,.jpg
C:\Users\Craig\Documents\GitHub\peterliddle.github.io\assets\artistswork\450\WM_87-16.jpg,1987,Cemetery on Kintyre,O,28,32,Oil on Canvas,Available,,.jpg
C:\Users\Craig\Documents\GitHub\peterliddle.github.io\assets\artistswork\450\WM_87-17.jpg,1987,Kintyre Roots,O,18,21,Oil on Canvas,Available,,.jpg
C:\Users\Craig\Documents\GitHub\peterliddle.github.io\assets\artistswork\450\WM_88-01.jpg,1988,Poppies,O,36,28,Acrylic on Canvas,Sold,,.jpg
C:\Users\Craig\Documents\GitHub\peterliddle.github.io\assets\artistswork\450\WM_88-02.jpg,1988,Lake Reflections No.1,O,28,36,Acrylic on Canvas,Sold,,.jpg
C:\Users\Craig\Documents\GitHub\peterliddle.github.io\assets\artistswork\450\WM_88-03.jpg,1988,Lake Reflections No.2,O,40,30,Acrylic on Canvas,Available,,.jpg
C:\Users\Craig\Documents\GitHub\peterliddle.github.io\assets\artistswork\450\WM_88-04.jpg,1988,Low Water Fidden No.2,C,28,36,Acrylic on Canvas,Artist's Collection,,.jpg
C:\Users\Craig\Documents\GitHub\peterliddle.github.io\assets\artistswork\450\WM_88-05.jpg,1988,Low Water Fidden No.3,C,24,36,Acrylic on Canvas,Sold,,.jpg
C:\Users\Craig\Documents\GitHub\peterliddle.github.io\assets\artistswork\450\WM_88-07.jpg,1988,Homage to Scafell,M,28,36,Acrylic on Canvas,Sold,,.jpg
C:\Users\Craig\Documents\GitHub\peterliddle.github.io\assets\artistswork\450\WM_88-08.jpg,1988,East Coast Breaker No.1,C,18,24,Acrylic on Canvas,Available,,.jpg
C:\Users\Craig\Documents\GitHub\peterliddle.github.io\assets\artistswork\450\WM_88-09.jpg,1988,East Coast Breaker No.2,C,40,30,Acrylic on Canvas,Available,,.jpg
C:\Users\Craig\Documents\GitHub\peterliddle.github.io\assets\artistswork\450\WM_88-11.jpg,1988,Cornish Garden No.1  (Margo Maeckelberghe's Garden),O,18,24,Acrylic on Canvas,Available,,.jpg
C:\Users\Craig\Documents\GitHub\peterliddle.github.io\assets\artistswork\450\WM_88-12.jpg,1988,Cornish Garden No.2 (Margo Maeckelberghe's Garden),O,28,36,Acrylic on Canvas,Available,,.jpg
C:\Users\Craig\Documents\GitHub\peterliddle.github.io\assets\artistswork\450\WM_88-13.jpg,1988,St Ives Alley No.1,C,24,30,Acrylic on Canvas,Available,,.jpg
C:\Users\Craig\Documents\GitHub\peterliddle.github.io\assets\artistswork\450\WM_88-14.jpg,1988,St Ives Alley No.2,C,28,36,Acrylic on Canvas,Sold,,.jpg
C:\Users\Craig\Documents\GitHub\peterliddle.github.io\assets\artistswork\450\WM_88-15.jpg,1988,"Treen, Balanced Rock",C,28,36,Acrylic on Canvas,Available,,.jpg
C:\Users\Craig\Documents\GitHub\peterliddle.github.io\assets\artistswork\450\WM_88-18.jpg,1988,Homage to Hepworth,O,30,40,Acrylic on Canvas,Available,,.jpg
C:\Users\Craig\Documents\GitHub\peterliddle.github.io\assets\artistswork\450\WM_88-19.jpg,1988,Gurnards Washing,C,30,40,Oil on Canvas,Available,,.jpg
C:\Users\Craig\Documents\GitHub\peterliddle.github.io\assets\artistswork\450\WM_88-20.jpg,1988,Cornish Garden No.3,O,30,24,Oil on Canvas,Available,,.jpg
C:\Users\Craig\Documents\GitHub\peterliddle.github.io\assets\artistswork\450\WM_88-21.jpg,1988,Sandra Sea Bed ,O,24,30,Oil on Canvas,Available,,.jpg
C:\Users\Craig\Documents\GitHub\peterliddle.github.io\assets\artistswork\450\WM_88-22.jpg,1988,Gable,M,24,30,Acrylic on Canvas,Available,,.jpg
C:\Users\Craig\Documents\GitHub\peterliddle.github.io\assets\artistswork\450\WM_88-23.jpg,1988,Granite Light Treen,C,30,40,Oil on Canvas,Available,,.jpg
C:\Users\Craig\Documents\GitHub\peterliddle.github.io\assets\artistswork\450\WM_88-24.jpg,1988,Gurnards Head from Treen,C,28,36,Oil on Canvas,Available,,.jpg
C:\Users\Craig\Documents\GitHub\peterliddle.github.io\assets\artistswork\450\WM_89-01.jpg,1989,Dollywaggon,M,23,28,Oil on Canvas,Available,,.jpg
C:\Users\Craig\Documents\GitHub\peterliddle.github.io\assets\artistswork\450\WM_89-02.jpg,1989,Fairfield Cloud,M,28,36,Oil on Canvas,Available,,.jpg
C:\Users\Craig\Documents\GitHub\peterliddle.github.io\assets\artistswork\450\WM_89-03.jpg,1989,Hepworth's Garden,O,24,30,Acrylic on Canvas,Available,,.jpg
C:\Users\Craig\Documents\GitHub\peterliddle.github.io\assets\artistswork\450\WM_89-04.jpg,1989,Winter Light No.1,M,23,28,Acrylic on Canvas,Sold,,.jpg
C:\Users\Craig\Documents\GitHub\peterliddle.github.io\assets\artistswork\450\WM_89-05.jpg,1989,Winter Light No.2,M,18,24,Acrylic on Canvas,Sold,,.jpg
C:\Users\Craig\Documents\GitHub\peterliddle.github.io\assets\artistswork\450\WM_89-06.jpg,1989,Wet Snow,M,24,18,Oil on Canvas,Available,,.jpg
C:\Users\Craig\Documents\GitHub\peterliddle.github.io\assets\artistswork\450\WM_89-07.jpg,1989,Fluttering and Dancing No.1,M,28,23,Acrylic on Canvas,Available,,.jpg
C:\Users\Craig\Documents\GitHub\peterliddle.github.io\assets\artistswork\450\WM_89-08.jpg,1989,Fluttering and Dancing No.2,M,18,24,Acrylic on Canvas,Available,,.jpg
C:\Users\Craig\Documents\GitHub\peterliddle.github.io\assets\artistswork\450\WM_89-09.jpg,1989,Derwent Dawn Reflections,M,30,40,Acrylic on Canvas,Sold,,.jpg
C:\Users\Craig\Documents\GitHub\peterliddle.github.io\assets\artistswork\450\WM_89-10.jpg,1989,Derwent Dawn Rampsholme,M,24,30,Acrylic on Canvas,Sold,,.jpg
C:\Users\Craig\Documents\GitHub\peterliddle.github.io\assets\artistswork\450\WM_89-11.jpg,1989,Derwent Dawn The Island,M,30,40,Acrylic on Canvas,Available,,.jpg
C:\Users\Craig\Documents\GitHub\peterliddle.github.io\assets\artistswork\450\WM_89-13.jpg,1989,Cliff House No.1,C,36,28,Oil on Canvas,Sold,,.jpg
C:\Users\Craig\Documents\GitHub\peterliddle.github.io\assets\artistswork\450\WM_89-14.jpg,1989,Ciff House No.2,C,24,30,Oil on Canvas,Available,,.jpg
C:\Users\Craig\Documents\GitHub\peterliddle.github.io\assets\artistswork\450\WM_89-15.jpg,1989,"Sandra, Treen Rock",C,24,30,Oil on Canvas,Available,,.jpg
C:\Users\Craig\Documents\GitHub\peterliddle.github.io\assets\artistswork\450\WM_89-16.jpg,1989,Sandra Waterfall,M,24,30,Oil on Canvas,Available,,.jpg
C:\Users\Craig\Documents\GitHub\peterliddle.github.io\assets\artistswork\450\WM_89-17.jpg,1989,Reflecting on Derwent Water No.1,O,28,36,Acrylic on Canvas,Sold,,.jpg
C:\Users\Craig\Documents\GitHub\peterliddle.github.io\assets\artistswork\450\WM_89-18.jpg,1989,Reflecting on Derwent Water No.2,O,36,28,Acrylic on Canvas,Available,,.jpg
C:\Users\Craig\Documents\GitHub\peterliddle.github.io\assets\artistswork\450\WM_89-19.jpg,1989,Reflecting on Derwent Water No.3,O,30,40,Acrylic on Canvas,Available,,.jpg
C:\Users\Craig\Documents\GitHub\peterliddle.github.io\assets\artistswork\450\WM_89-20.jpg,1989,Sky Hole,M,40,30,Oil on Canvas,Available,,.jpg
C:\Users\Craig\Documents\GitHub\peterliddle.github.io\assets\artistswork\450\WM_89-21.jpg,1989,Chatham Kent Express,O,28,36,Acrylic on Canvas,Available,,.jpg
C:\Users\Craig\Documents\GitHub\peterliddle.github.io\assets\artistswork\450\WM_89-22.jpg,1989,St Pauls,O,40,30,Acrylic on Canvas,Available,,.jpg
C:\Users\Craig\Documents\GitHub\peterliddle.github.io\assets\artistswork\450\WM_89-23.jpg,1989,Gutchers Isle,C,40,30,Acrylic on Canvas,Available,,.jpg
C:\Users\Craig\Documents\GitHub\peterliddle.github.io\assets\artistswork\450\WM_90-01.jpg,1990,Winter Glow No.1,M,30,24,Oil on Canvas,Available,,.jpg
C:\Users\Craig\Documents\GitHub\peterliddle.github.io\assets\artistswork\450\WM_90-02.jpg,1990,Dawn Cat Bells,M,24,30,Oil on Canvas,Sold,,.jpg
C:\Users\Craig\Documents\GitHub\peterliddle.github.io\assets\artistswork\450\WM_90-03.jpg,1990,Winter Glow No.2,M,40,30,Oil on Canvas,Sold,,.jpg
C:\Users\Craig\Documents\GitHub\peterliddle.github.io\assets\artistswork\450\WM_90-04.jpg,1990,On the Edge,M,28,36,Oil on Canvas,Sold,,.jpg
C:\Users\Craig\Documents\GitHub\peterliddle.github.io\assets\artistswork\450\WM_90-05.jpg,1990,Key Hole,C,30,40,Acrylic on Canvas,Sold,,.jpg
C:\Users\Craig\Documents\GitHub\peterliddle.github.io\assets\artistswork\450\WM_90-06.jpg,1990,Bass Rock,C,36,28,Acrylic on Canvas,Available,,.jpg
C:\Users\Craig\Documents\GitHub\peterliddle.github.io\assets\artistswork\450\WM_90-07.jpg,1990,Gable,M,24,30,Oil on Canvas,Available,,.jpg
C:\Users\Craig\Documents\GitHub\peterliddle.github.io\assets\artistswork\450\WM_90-08.jpg,1990,Below Zennor,C,18,24,Oil on Canvas,Available,,.jpg
C:\Users\Craig\Documents\GitHub\peterliddle.github.io\assets\artistswork\450\WM_90-10.jpg,1990,Porth Ledden No.1,C,28,36,Oil on Canvas,Available,,.jpg
C:\Users\Craig\Documents\GitHub\peterliddle.github.io\assets\artistswork\450\WM_90-12.jpg,1990,"Smooth as a Babies Bottom ""No body knows the places I have been, no body knows the trouble I have seen""",O,23,30,Acrylic on Canvas,Available,,.jpg
C:\Users\Craig\Documents\GitHub\peterliddle.github.io\assets\artistswork\450\WM_90-13.jpg,1990,Porth Ledden No.2,C,28,25,Oil on Board,Available,,.jpg
C:\Users\Craig\Documents\GitHub\peterliddle.github.io\assets\artistswork\450\WM_90-14.jpg,1990,Zennor Swimming Hole,C,20,25,Oil on Board,Available,,.jpg
C:\Users\Craig\Documents\GitHub\peterliddle.github.io\assets\artistswork\450\WM_90-15.jpg,1990,Heron Pike,M,18,24,Oil on Canvas,Available,,.jpg
C:\Users\Craig\Documents\GitHub\peterliddle.github.io\assets\artistswork\450\WM_90-16.jpg,1990,Onwards and upwards,M,20,18,Oil on Canvas,Available,,.jpg
C:\Users\Craig\Documents\GitHub\peterliddle.github.io\assets\artistswork\450\WM_90-18.jpg,1990,Kidsty Snow,M,24,31,Acrylic on Canvas,Available,,.jpg
C:\Users\Craig\Documents\GitHub\peterliddle.github.io\assets\artistswork\450\WM_90-19.jpg,1990,Nan Bield,M,24,30,Oil on Canvas,Available,,.jpg
C:\Users\Craig\Documents\GitHub\peterliddle.github.io\assets\artistswork\450\WM_91-01.jpg,1991,Dale Head,M,24,30,Oil on Canvas,Available,,.jpg
C:\Users\Craig\Documents\GitHub\peterliddle.github.io\assets\artistswork\450\WM_91-02.jpg,1991,Moor Divock,M,28,36,Oil on Canvas,Available,,.jpg
C:\Users\Craig\Documents\GitHub\peterliddle.github.io\assets\artistswork\450\WM_91-03.jpg,1991,Riggindale Ridge,M,40,30,Oil on Canvas,Available,,.jpg
C:\Users\Craig\Documents\GitHub\peterliddle.github.io\assets\artistswork\450\WM_91-04.jpg,1991,Voices In the Mist,M,48,36,Oil on Canvas,Available,,.jpg
C:\Users\Craig\Documents\GitHub\peterliddle.github.io\assets\artistswork\450\WM_91-05.jpg,1991,Fallen Star,O,23,28,Oil on Canvas,Available,,.jpg
C:\Users\Craig\Documents\GitHub\peterliddle.github.io\assets\artistswork\450\WM_91-06.jpg,1991,Suffer the Little Children,O,32,26,Oil on Canvas,Available,,.jpg
C:\Users\Craig\Documents\GitHub\peterliddle.github.io\assets\artistswork\450\WM_91-07.jpg,1991,Material Man,O,26,32,Oil on Canvas,Available,,.jpg
C:\Users\Craig\Documents\GitHub\peterliddle.github.io\assets\artistswork\450\WM_91-08.jpg,1991,The Green Man (Heseltine),O,28,36,Oil on Canvas,Available,,.jpg
C:\Users\Craig\Documents\GitHub\peterliddle.github.io\assets\artistswork\450\WM_91-09.jpg,1991,The Voyeur,O,48,36,Oil on Canvas,Available,,.jpg
C:\Users\Craig\Documents\GitHub\peterliddle.github.io\assets\artistswork\450\WM_91-10.jpg,1991,The Poet Contemplates the Burnt Out Forest,O,23,28,Oil on Canvas,Available,,.jpg
C:\Users\Craig\Documents\GitHub\peterliddle.github.io\assets\artistswork\450\WM_91-11.jpg,1991,The Old Man of the Sea,C,30,40,Oil on Canvas,Available,,.jpg
C:\Users\Craig\Documents\GitHub\peterliddle.github.io\assets\artistswork\450\WM_91-12.jpg,1991,Lord of the Dance,O,40,30,Oil on Canvas,Available,,.jpg
C:\Users\Craig\Documents\GitHub\peterliddle.github.io\assets\artistswork\450\WM_91-13.jpg,1991,The Face Behind the Mask,O,36,48,Oil on Canvas,Artist's Collection,,.jpg
C:\Users\Craig\Documents\GitHub\peterliddle.github.io\assets\artistswork\450\WM_91-14.jpg,1991,Dancer reflect on Timea Past Forgotten Dreams,O,24,36,Oil on Canvas,Available,,.jpg
C:\Users\Craig\Documents\GitHub\peterliddle.github.io\assets\artistswork\450\WM_91-15.jpg,1991,Valley Light,M,24,30,Oil on Canvas,Sold,,.jpg
C:\Users\Craig\Documents\GitHub\peterliddle.github.io\assets\artistswork\450\WM_91-16.jpg,1991,Summit Cloud,M,30,40,Oil on Canvas,Available,,.jpg
C:\Users\Craig\Documents\GitHub\peterliddle.github.io\assets\artistswork\450\WM_91-17.jpg,1991,Made Up,O,26,32,Oil on Canvas,Available,,.jpg
C:\Users\Craig\Documents\GitHub\peterliddle.github.io\assets\artistswork\450\WM_91-18.jpg,1991,The Message,O,26,32,Oil on Canvas,Available,,.jpg
C:\Users\Craig\Documents\GitHub\peterliddle.github.io\assets\artistswork\450\WM_91-19.jpg,1991,Harter Fell,M,28,36,Oil on Canvas,Available,,.jpg
C:\Users\Craig\Documents\GitHub\peterliddle.github.io\assets\artistswork\450\WM_91-20.jpg,1991,Crinkle Crags,M,28,36,Oil on Canvas,Sold,,.jpg
C:\Users\Craig\Documents\GitHub\peterliddle.github.io\assets\artistswork\450\WM_92-01.jpg,1992,Who's Who,O,23,28,Oil on Canvas,Available,,.jpg
C:\Users\Craig\Documents\GitHub\peterliddle.github.io\assets\artistswork\450\WM_92-02.jpg,1992,Dangerous Liasion,O,36,24,Oil on Canvas,Available,,.jpg
C:\Users\Craig\Documents\GitHub\peterliddle.github.io\assets\artistswork\450\WM_92-03.jpg,1992,Protection Racket,O,30,40,Oil on Canvas,Available,,.jpg
C:\Users\Craig\Documents\GitHub\peterliddle.github.io\assets\artistswork\450\WM_92-04.jpg,1992,Two Into One,O,28,36,Oil on Canvas,Available,,.jpg
C:\Users\Craig\Documents\GitHub\peterliddle.github.io\assets\artistswork\450\WM_92-05.jpg,1992,Desert Norm,O,24,30,Oil on Canvas,Sold,,.jpg
C:\Users\Craig\Documents\GitHub\peterliddle.github.io\assets\artistswork\450\WM_92-06.jpg,1992,Poeti Del Rock,O,28,36,Oil on Canvas,Available,,.jpg
C:\Users\Craig\Documents\GitHub\peterliddle.github.io\assets\artistswork\450\WM_92-07.jpg,1992,Edmondo,O,24,30,Oil on Canvas,Available,,.jpg
C:\Users\Craig\Documents\GitHub\peterliddle.github.io\assets\artistswork\450\WM_92-08.jpg,1992,Inhabitants of the Sea,O,36,48,Oil on Canvas,Available,,.jpg
C:\Users\Craig\Documents\GitHub\peterliddle.github.io\assets\artistswork\450\WM_92-09.jpg,1992,Blind Mans Buff,O,18,24,Oil on Canvas,Available,,.jpg
C:\Users\Craig\Documents\GitHub\peterliddle.github.io\assets\artistswork\450\WM_92-10.jpg,1992,Mnagetrois,O,30,40,Oil on Canvas,Available,,.jpg
C:\Users\Craig\Documents\GitHub\peterliddle.github.io\assets\artistswork\450\WM_93-01.jpg,1993,Maddona of the Fireworks,O,28,36,Oil on Canvas,Available,,.jpg
C:\Users\Craig\Documents\GitHub\peterliddle.github.io\assets\artistswork\450\WM_93-02.jpg,1993,Emily On The Fringe,O,20,30,Oil on Canvas,Available,,.jpg
C:\Users\Craig\Documents\GitHub\peterliddle.github.io\assets\artistswork\450\WM_93-03.jpg,1993,The Dispossessed,O,30,40,Oil on Canvas,Available,,.jpg
C:\Users\Craig\Documents\GitHub\peterliddle.github.io\assets\artistswork\450\WM_93-04.jpg,1993,Graziella,O,30,24,Oil on Canvas,Available,,.jpg
C:\Users\Craig\Documents\GitHub\peterliddle.github.io\assets\artistswork\450\WM_93-05.jpg,1993,Selene,O,24,30,Oil on Canvas,Available,,.jpg
C:\Users\Craig\Documents\GitHub\peterliddle.github.io\assets\artistswork\450\WM_93-06.jpg,1993,Initiation Rites,O,48,36,Oil on Canvas,Available,,.jpg
C:\Users\Craig\Documents\GitHub\peterliddle.github.io\assets\artistswork\450\WM_93-07.jpg,1993,Guardian of the Fleece,O,36,28,Oil on Canvas,Available,,.jpg
C:\Users\Craig\Documents\GitHub\peterliddle.github.io\assets\artistswork\450\WM_93-08.jpg,1993,Emergence,O,30,40,Oil on Canvas,Available,,.jpg
C:\Users\Craig\Documents\GitHub\peterliddle.github.io\assets\artistswork\450\WM_94-01.jpg,1994,Genovesi Shadows No.1,O,26,38,Oil on Canvas,Available,,.jpg
C:\Users\Craig\Documents\GitHub\peterliddle.github.io\assets\artistswork\450\WM_94-03.jpg,1994,Genovesi Shadows No.3,O,40,30,Oil on Canvas,Available,,.jpg
C:\Users\Craig\Documents\GitHub\peterliddle.github.io\assets\artistswork\450\WM_94-04.jpg,1994,Life Line (Leonard Cohen),O,40,30,Oil on Canvas,Available,,.jpg
C:\Users\Craig\Documents\GitHub\peterliddle.github.io\assets\artistswork\450\WM_94-05.jpg,1994,Wandering in the Secret Garden,O,29,36,Acrylic on Canvas,Sold,,.jpg
C:\Users\Craig\Documents\GitHub\peterliddle.github.io\assets\artistswork\450\WM_94-06.jpg,1994,British Jungle Dances (study),O,30,40,Oil on Canvas,Available,,.jpg
C:\Users\Craig\Documents\GitHub\peterliddle.github.io\assets\artistswork\450\WM_94-07.jpg,1994,Red Blue and Ochre  No.1,O,36,48,Oil on Canvas,Available,,.jpg
C:\Users\Craig\Documents\GitHub\peterliddle.github.io\assets\artistswork\450\WM_94-08.jpg,1994,British Jungle Dances (study 1),O,9,11,Oil on Board,Available,,.jpg
C:\Users\Craig\Documents\GitHub\peterliddle.github.io\assets\artistswork\450\WM_94-09.jpg,1994,British Jungle Dances (study 2),O,,,Oil on Canvas,Sold,,.jpg
C:\Users\Craig\Documents\GitHub\peterliddle.github.io\assets\artistswork\450\WM_94-10.jpg,1994,Vision of Sandra Genova,O,28,36,Oil on Canvas,Available,,.jpg
C:\Users\Craig\Documents\GitHub\peterliddle.github.io\assets\artistswork\450\wc-95-01.jpg,1995,Red Blue and Ochre (Study),O,,,Water Colour,Sold,,.jpg
C:\Users\Craig\Documents\GitHub\peterliddle.github.io\assets\artistswork\450\WM_95-01.jpg,1995,British Jungle Dances No.1,O,24,18,Oil on Canvas,Available,,.jpg
C:\Users\Craig\Documents\GitHub\peterliddle.github.io\assets\artistswork\450\WM_95-02.jpg,1995,British Jungle Dances No.2,O,27,31,Oil on Canvas,Available,,.jpg
C:\Users\Craig\Documents\GitHub\peterliddle.github.io\assets\artistswork\450\WM_95-03.jpg,1995,Fighting the Deamons,O,30,24,Oil on Canvas,Available,,.jpg
C:\Users\Craig\Documents\GitHub\peterliddle.github.io\assets\artistswork\450\WM_95-04.jpg,1995,British Jungle Dances No.3,O,24,30,Oil on Canvas,Available,,.jpg
C:\Users\Craig\Documents\GitHub\peterliddle.github.io\assets\artistswork\450\WM_95-05.jpg,1995,Delirium No.1,O,28,36,Oil on Canvas,Available,,.jpg
C:\Users\Craig\Documents\GitHub\peterliddle.github.io\assets\artistswork\450\WM_95-06.jpg,1995,Pursuit,O,28,36,Oil on Canvas,Available,,.jpg
C:\Users\Craig\Documents\GitHub\peterliddle.github.io\assets\artistswork\450\WM_96-01.jpg,1996,Centre Stage No.2,O,30,24,Oil on Canvas,Available,,.jpg
C:\Users\Craig\Documents\GitHub\peterliddle.github.io\assets\artistswork\450\WM_96-02.jpg,1996,Union Dance Delirium No.2,O,30,24,Oil on Canvas,Available,,.jpg
C:\Users\Craig\Documents\GitHub\peterliddle.github.io\assets\artistswork\450\WM_96-03.jpg,1996,Union Dance 'Arros Con Mangos No.1',O,28,23,Acrylic on Canvas,Available,,.jpg
C:\Users\Craig\Documents\GitHub\peterliddle.github.io\assets\artistswork\450\WM_96-04.jpg,1996,Angle Tarn Beck 'Arabesque',M,24,30,Acrylic on Canvas,Available,,.jpg
C:\Users\Craig\Documents\GitHub\peterliddle.github.io\assets\artistswork\450\WM_96-05.jpg,1996,Union Dance 'Arros Con Mangos No.2',O,28,36,Oil on Canvas,Available,,.jpg
C:\Users\Craig\Documents\GitHub\peterliddle.github.io\assets\artistswork\450\WM_96-07.jpg,1996,Union Dance 'The Thrill is Gone',O,48,36,Oil on Canvas,Available,,.jpg
C:\Users\Craig\Documents\GitHub\peterliddle.github.io\assets\artistswork\450\WM_96-08.jpg,1996,Centre Stage No.1,O,24,18,Oil on Canvas,Available,,.jpg
C:\Users\Craig\Documents\GitHub\peterliddle.github.io\assets\artistswork\450\WM_96-09.jpg,1996,Arros Con Mangos (Study),O,9,10,Oil on Board,Available,,.jpg
C:\Users\Craig\Documents\GitHub\peterliddle.github.io\assets\artistswork\450\WM_97-03.jpg,1997,Simone,O,24,30,Oil on Canvas,Available,,.jpg
C:\Users\Craig\Documents\GitHub\peterliddle.github.io\assets\artistswork\450\WM_97-06.jpg,1997,Guardian of the Pool,S,,,Limestone,Artist's Collection,,.jpg
C:\Users\Craig\Documents\GitHub\peterliddle.github.io\assets\artistswork\450\WM_97-11.jpg,1997,Tarn Rocks,M,30,23,Oil on Canvas,Available,,.jpg
C:\Users\Craig\Documents\GitHub\peterliddle.github.io\assets\artistswork\450\WM_97-12.jpg,1997,Distant Helvellyn,M,20,16,Oil on Canvas,Available,,.jpg
C:\Users\Craig\Documents\GitHub\peterliddle.github.io\assets\artistswork\450\WM_97-13.jpg,1997,Above Ullswater,M,20,16,Oil on Canvas,Available,,.jpg
C:\Users\Craig\Documents\GitHub\peterliddle.github.io\assets\artistswork\450\WM_97-14.jpg,1997,Above Small Water,M,20,16,Oil on Canvas,Available,,.jpg
C:\Users\Craig\Documents\GitHub\peterliddle.github.io\assets\artistswork\450\WM_97-15.jpg,1997,Save the Last Dance forMe,O,28,36,Acrylic on Canvas,Available,,.jpg
C:\Users\Craig\Documents\GitHub\peterliddle.github.io\assets\artistswork\450\WM_97-16.jpg,1997,Vertiginous No.3,M,30,24,Oil on Canvas,Sold,,.jpg
C:\Users\Craig\Documents\GitHub\peterliddle.github.io\assets\artistswork\450\WM_97-17.jpg,1997,Vertiginous No.1,M,48,36,Oil on Canvas,Sold,,.jpg
C:\Users\Craig\Documents\GitHub\peterliddle.github.io\assets\artistswork\450\WM_97-18.jpg,1997,Vertiginous No.2,M,30,40,Oil on Canvas,Sold,,.jpg
C:\Users\Craig\Documents\GitHub\peterliddle.github.io\assets\artistswork\450\WM_97-19.jpg,1997,Penrhyn Llyn No.1,C,24,30,Oil on Canvas,Available,,.jpg
C:\Users\Craig\Documents\GitHub\peterliddle.github.io\assets\artistswork\450\WM_97-20.jpg,1997,Penrhyn Llyn No.2,C,40,30,Oil on Canvas,Available,,.jpg
C:\Users\Craig\Documents\GitHub\peterliddle.github.io\assets\artistswork\450\WM_97-21.jpg,1997,Penrhyn Llyn No.3,C,24,18,Oil on Canvas,Available,,.jpg
C:\Users\Craig\Documents\GitHub\peterliddle.github.io\assets\artistswork\450\WM_98-01.jpg,1998,Knipe Scar No.1,M,18,24,Acrylic on Canvas,Available,,.jpg
C:\Users\Craig\Documents\GitHub\peterliddle.github.io\assets\artistswork\450\WM_98-02.jpg,1998,Knipe Scar No.2,M,24,30,Acrylic on Canvas,Available,,.jpg
C:\Users\Craig\Documents\GitHub\peterliddle.github.io\assets\artistswork\450\WM_98-03.jpg,1998,Lava flow,M,18,24,Acrylic on Canvas,Available,,.jpg
C:\Users\Craig\Documents\GitHub\peterliddle.github.io\assets\artistswork\450\WM_98-04.jpg,1998,Red Path No.1,M,24,18,Acrylic on Canvas,Available,,.jpg
C:\Users\Craig\Documents\GitHub\peterliddle.github.io\assets\artistswork\450\WM_98-05.jpg,1998,Red Path No.2,M,24,18,Acrylic on Canvas,Available,,.jpg
C:\Users\Craig\Documents\GitHub\peterliddle.github.io\assets\artistswork\450\WM_98-06.jpg,1998,Alps from Peach Air,M,17,12,Acrylic on Canvas,Available,,.jpg
C:\Users\Craig\Documents\GitHub\peterliddle.github.io\assets\artistswork\450\WM_98-07.jpg,1998,Carrara,M,16,20,Acrylic on Canvas,Available,,.jpg
C:\Users\Craig\Documents\GitHub\peterliddle.github.io\assets\artistswork\450\WM_98-08.jpg,1998,From the Hotel Belletini,O,12,14,Acrylic on Canvas,Available,,.jpg
C:\Users\Craig\Documents\GitHub\peterliddle.github.io\assets\artistswork\450\WM_98-10.jpg,1998,Ponte Vecchio,O,28,36,Oil on Canvas,Available,,.jpg
C:\Users\Craig\Documents\GitHub\peterliddle.github.io\assets\artistswork\450\WM_98-11.jpg,1998,Santo Spirito,O,20,16,Acrylic on Canvas,Sold,,.jpg
C:\Users\Craig\Documents\GitHub\peterliddle.github.io\assets\artistswork\450\WM_98-12.jpg,1998,Choice,O,30,24,Acrylic on Canvas,Available,,.jpg
C:\Users\Craig\Documents\GitHub\peterliddle.github.io\assets\artistswork\450\WM_98-13.jpg,1998,Gates of Paradise,O,18,24,Acrylic on Canvas,Available,,.jpg
C:\Users\Craig\Documents\GitHub\peterliddle.github.io\assets\artistswork\450\WM_98-14.jpg,1998,Naked Magdalene,O,21,31,Oil on Board,Artist's Collection,,.jpg
C:\Users\Craig\Documents\GitHub\peterliddle.github.io\assets\artistswork\450\WM_98-15.jpg,1998,Journeys End,O,18,24,Acrylic on Canvas,Artist's Collection,,.jpg
C:\Users\Craig\Documents\GitHub\peterliddle.github.io\assets\artistswork\450\WM_98-16.jpg,1998,Peoples Maddona No.1,O,24,18,Acrylic on Canvas,Artist's Collection,,.jpg
C:\Users\Craig\Documents\GitHub\peterliddle.github.io\assets\artistswork\450\WM_98-17.jpg,1998,Peoples Madonna (Leonardo),O,36,28,Acrylic on Canvas,Artist's Collection,,.jpg
C:\Users\Craig\Documents\GitHub\peterliddle.github.io\assets\artistswork\450\WM_98-18.jpg,1998,Penitent Magdalene,O,48,36,Acrylic on Canvas,Artist's Collection,,.jpg
C:\Users\Craig\Documents\GitHub\peterliddle.github.io\assets\artistswork\450\WM_98-20.jpg,1998,Christo,O,24,30,Acrylic on Canvas,Artist's Collection,,.jpg
C:\Users\Craig\Documents\GitHub\peterliddle.github.io\assets\artistswork\450\WM_98-21.jpg,1998,Death of a Princess,O,28,36,Oil on Canvas,Artist's Collection,,.jpg
C:\Users\Craig\Documents\GitHub\peterliddle.github.io\assets\artistswork\450\WM_98-22.jpg,1998,Awakening No.1,O,28,36,Oil on Canvas,Available,,.jpg
C:\Users\Craig\Documents\GitHub\peterliddle.github.io\assets\artistswork\450\WM_98-24.jpg,1998,Dumo,O,14,12,Acrylic on Canvas,Available,,.jpg
C:\Users\Craig\Documents\GitHub\peterliddle.github.io\assets\artistswork\450\WM_98-25.jpg,1998,Sky Hole,O,12,14,Acrylic on Canvas,Available,,.jpg
C:\Users\Craig\Documents\GitHub\peterliddle.github.io\assets\artistswork\450\WM_99-01.jpg,1999,Via Vecchia Fiesolana No.1,O,12,14,Acrylic on Canvas,Sold,,.jpg
C:\Users\Craig\Documents\GitHub\peterliddle.github.io\assets\artistswork\450\WM_99-02.jpg,1999,Via Vecchia Fiesolana No.2,O,24,30,Acrylic on Canvas,Sold,,.jpg
C:\Users\Craig\Documents\GitHub\peterliddle.github.io\assets\artistswork\450\WM_99-03.jpg,1999,Via Vecchia Fiesolana No.3,O,24,30,Acrylic on Canvas,Available,,.jpg
C:\Users\Craig\Documents\GitHub\peterliddle.github.io\assets\artistswork\450\WM_99-04.jpg,1999,Via Vecchia Fiesolana No.4,O,24,30,Acrylic on Canvas,Available,,.jpg
C:\Users\Craig\Documents\GitHub\peterliddle.github.io\assets\artistswork\450\WM_99-05.jpg,1999,Via Vecchia Fiesolana No.5,O,36,28,Acrylic on Canvas,Available,,.jpg
C:\Users\Craig\Documents\GitHub\peterliddle.github.io\assets\artistswork\450\WM_99-06.jpg,1999,Via Vecchia Fiesolana No.6,O,40,30,Oil on Canvas,Available,,.jpg
C:\Users\Craig\Documents\GitHub\peterliddle.github.io\assets\artistswork\450\WM_99-07.jpg,1999,Via Vecchia Fiesolana No.7,O,24,30,Oil on Canvas,Artist's Collection,,.jpg
C:\Users\Craig\Documents\GitHub\peterliddle.github.io\assets\artistswork\450\WM_99-08.jpg,1999,Fishermen No.1,O,40,30,Oil on Canvas,Available,,.jpg
C:\Users\Craig\Documents\GitHub\peterliddle.github.io\assets\artistswork\450\WM_99-11.jpg,1999,Via Dante Alighieri No.1,O,9.25,12.25,Oil on Board,Available,,.jpg
C:\Users\Craig\Documents\GitHub\peterliddle.github.io\assets\artistswork\450\WM_99-12.jpg,1999,Via Dante Alighieri No.2,O,9.25,12.25,Oil on Board,Available,,.jpg
C:\Users\Craig\Documents\GitHub\peterliddle.github.io\assets\artistswork\450\WM_99-13.jpg,1999,Via Bandini,O,8.5,9.5,Oil on Board,Available,,.jpg
C:\Users\Craig\Documents\GitHub\peterliddle.github.io\assets\artistswork\450\WM_99-14.jpg,1999,Prophet,S,,,Oak,Artist's Collection,,.jpg
C:\Users\Craig\Documents\GitHub\peterliddle.github.io\assets\artistswork\450\WM_99-15.jpg,1999,Crucifixion,O,48,36,Acrylic on Canvas,Artist's Collection,,.jpg
C:\Users\Craig\Documents\GitHub\peterliddle.github.io\assets\artistswork\450\WM_99-16.jpg,1999,Judgement,O,40,30,Acrylic on Canvas,Artist's Collection,,.jpg
C:\Users\Craig\Documents\GitHub\peterliddle.github.io\assets\artistswork\450\WM_99-17.jpg,1999,Solar Eclipse No.1,M,,,Acrylic on Canvas,Available,,.jpg
C:\Users\Craig\Documents\GitHub\peterliddle.github.io\assets\artistswork\450\WM_99-18.jpg,1999,I Really Like The Beauty of Our Weapons,O,36,48,Oil on Canvas,Artist's Collection,,.jpg
C:\Users\Craig\Documents\GitHub\peterliddle.github.io\assets\artistswork\450\WM_99-19.jpg,1999,Awakening No.2,O,40,30,Oil on Canvas,Available,,.jpg
C:\Users\Craig\Documents\GitHub\peterliddle.github.io\assets\artistswork\450\WM_99-20.jpg,1999,Fishermen No.2,C,7,10,Oil on Board,Available,,.jpg
C:\Users\Craig\Documents\GitHub\peterliddle.github.io\assets\artistswork\450\WM_99-21.jpg,1999,Fishermen No.3,C,11.5,14,Oil on Board,Available,,.jpg
C:\Users\Craig\Documents\GitHub\peterliddle.github.io\assets\artistswork\450\WM_99-22.jpg,1999,Via Vecchia Fiesolana the top,O,,,,,,.jpg
C:\Users\Craig\Documents\GitHub\peterliddle.github.io\assets\artistswork\450\WM_00-01.jpg,2000,Totem,S,,,Oak,Available,,.jpg
C:\Users\Craig\Documents\GitHub\peterliddle.github.io\assets\artistswork\450\WM_00-02.jpg,2000,Shepherd,S,,,Lazonby Sandstone,Available,,.jpg
C:\Users\Craig\Documents\GitHub\peterliddle.github.io\assets\artistswork\450\WM_00-04.jpg,2000,Cannon,S,,,Beech,Available,,.jpg
C:\Users\Craig\Documents\GitHub\peterliddle.github.io\assets\artistswork\450\WM_00-05.jpg,2000,Family,S,,,Oak,Available,,.jpg
C:\Users\Craig\Documents\GitHub\peterliddle.github.io\assets\artistswork\450\WM_00-07.jpg,2000,Omaggio alla vagina,S,,,Oak,Available,,.jpg
C:\Users\Craig\Documents\GitHub\peterliddle.github.io\assets\artistswork\450\WM_00-08.jpg,2000,Lunar Eclipse,M,12,14,Acrylic on Canvas,Available,,.jpg
C:\Users\Craig\Documents\GitHub\peterliddle.github.io\assets\artistswork\450\WM_00-09.jpg,2000,Solar Eclipse No.2,M,24,30,Acrylic on Canvas,Available,,.jpg
C:\Users\Craig\Documents\GitHub\peterliddle.github.io\assets\artistswork\450\WM_00-10.jpg,2000,Flight,S,,,Beech,Sold,,.jpg
C:\Users\Craig\Documents\GitHub\peterliddle.github.io\assets\artistswork\450\WM_01-03.jpg,2001,Homage to Hepworth,S,,,Beech,Sold,,.jpg
C:\Users\Craig\Documents\GitHub\peterliddle.github.io\assets\artistswork\450\WM_01-04.jpg,2001,Whale Moor Marble,S,,,Marble,Available,,.jpg
C:\Users\Craig\Documents\GitHub\peterliddle.github.io\assets\artistswork\450\WM_01-05.jpg,2001,Together,S,,,Lazonby Sandstone,Available,,.jpg
C:\Users\Craig\Documents\GitHub\peterliddle.github.io\assets\artistswork\450\WM_01-06.jpg,2001,Cattle Fire,O,10,12,Oil on Board,Available,,.jpg
C:\Users\Craig\Documents\GitHub\peterliddle.github.io\assets\artistswork\450\WM_01-07.jpg,2001,Floral Explosion No.1,O,8,9,Oil on Board,Available,,.jpg
C:\Users\Craig\Documents\GitHub\peterliddle.github.io\assets\artistswork\450\WM_01-08.jpg,2001,Floral Explosion No.2,O,10,12.5,Oil on Board,Available,,.jpg
C:\Users\Craig\Documents\GitHub\peterliddle.github.io\assets\artistswork\450\WM_02-01.jpg,2002,Fordingdale Force,M,24,30,Oil on Canvas,Sold,,.jpg
C:\Users\Craig\Documents\GitHub\peterliddle.github.io\assets\artistswork\450\WM_02-03.jpg,2002,Tarn Rocks,M,10,12,Oil on Canvas,Sold,,.jpg
C:\Users\Craig\Documents\GitHub\peterliddle.github.io\assets\artistswork\450\WM_02-05.jpg,2002,Crinkle Crags No.1,M,24,30,Acrylic on Canvas,Sold,,.jpg
C:\Users\Craig\Documents\GitHub\peterliddle.github.io\assets\artistswork\450\WM_02-06.jpg,2002,Crinkle Crags No.2,M,36,28,Acrylic on Canvas,Sold,,.jpg
C:\Users\Craig\Documents\GitHub\peterliddle.github.io\assets\artistswork\450\WM_02-07.jpg,2002,Mother and Child,S,,,Greengage and Beech,Available,,.jpg
C:\Users\Craig\Documents\GitHub\peterliddle.github.io\assets\artistswork\450\WM_02-08.jpg,2002,Angel of Whale Moor,S,,,Beech,Available,,.jpg
C:\Users\Craig\Documents\GitHub\peterliddle.github.io\assets\artistswork\450\WM_02-10.jpg,2002,Collar,S,,,Beech,Available,,.jpg
C:\Users\Craig\Documents\GitHub\peterliddle.github.io\assets\artistswork\450\WM_02-10-3.jpg,2002,Collar - Reverse Face,S,,,Beech,Available,,.jpg
C:\Users\Craig\Documents\GitHub\peterliddle.github.io\assets\artistswork\450\WM_02-12.jpg,2002,Smoker,S,,,Rose,Available,,.jpg
C:\Users\Craig\Documents\GitHub\peterliddle.github.io\assets\artistswork\450\WM_03-02.jpg,2003,Loadpot,M,10,12,Oil on Board,Available,,.jpg
C:\Users\Craig\Documents\GitHub\peterliddle.github.io\assets\artistswork\450\WM_03-03.jpg,2003,Limestone Pavement,M,14,12,Oil on Board with Painted Wooden Sculpture,Available,,.jpg
C:\Users\Craig\Documents\GitHub\peterliddle.github.io\assets\artistswork\450\WM_03-04.jpg,2003,Bower,M,14,12,Oil on Canvas with Beach Sculpture and Sculpture,Available,,.jpg
C:\Users\Craig\Documents\GitHub\peterliddle.github.io\assets\artistswork\450\WM_03-05.jpg,2003,Red Cliff,M,30,40,Oil on Canvas,Sold,,.jpg
C:\Users\Craig\Documents\GitHub\peterliddle.github.io\assets\artistswork\450\WM_03-06.jpg,2003,Warrior,S,,,Oak,Available,,.jpg
C:\Users\Craig\Documents\GitHub\peterliddle.github.io\assets\artistswork\450\WM_03-09.jpg,2003,Balance,S,,,Shap Granite,Available,,.jpg
C:\Users\Craig\Documents\GitHub\peterliddle.github.io\assets\artistswork\450\WM_03-10.jpg,2003,Curl,S,,,Shap Granite,Available,,.jpg
C:\Users\Craig\Documents\GitHub\peterliddle.github.io\assets\artistswork\450\WM_03-11.jpg,2003,Sickle,S,,,Beech,Available,,.jpg
C:\Users\Craig\Documents\GitHub\peterliddle.github.io\assets\artistswork\450\WM_03-13.jpg,2003,Bunker Buster No.1,O,36,28,Oil on Canvas,Available,,.jpg
C:\Users\Craig\Documents\GitHub\peterliddle.github.io\assets\artistswork\450\WM_03-14.jpg,2003,Bunker Buster No.2 (Give Peace a Chance),O,36,28,Oil on Canvas,Available,,.jpg
C:\Users\Craig\Documents\GitHub\peterliddle.github.io\assets\artistswork\450\WM_03-15.jpg,2003,Suffer the Little Children,O,24,30,Acrylic on Canvas,Available,,.jpg
C:\Users\Craig\Documents\GitHub\peterliddle.github.io\assets\artistswork\450\WM_04-01.jpg,2004,Homage to Brancusi,S,,,Limestone,Available,,.jpg
C:\Users\Craig\Documents\GitHub\peterliddle.github.io\assets\artistswork\450\WM_04-03.jpg,2004,Homage to Michelangelo,S,,,Carrara Marble,Artist's Collection,,.jpg
C:\Users\Craig\Documents\GitHub\peterliddle.github.io\assets\artistswork\450\WM_04-04.jpg,2004,Scar Surfer,M,12,9,Oil on Board with Spanish Chestnut Surfer,Available,,.jpg
C:\Users\Craig\Documents\GitHub\peterliddle.github.io\assets\artistswork\450\WM_04-05.jpg,2004,Scar 'Strange Glow',M,18,24,Acrylic on Canvas,Available,,.jpg
C:\Users\Craig\Documents\GitHub\peterliddle.github.io\assets\artistswork\450\WM_04-06.jpg,2004,Norfolk Trapped Flints Sunrise,C,16,20,Acrylic on Canvas,Available,,.jpg
C:\Users\Craig\Documents\GitHub\peterliddle.github.io\assets\artistswork\450\WM_04-07.jpg,2004,Keepers of the Stone,S,,,Limestone on Carrara Marble Base,Available,,.jpg
C:\Users\Craig\Documents\GitHub\peterliddle.github.io\assets\artistswork\450\WM_04-08.jpg,2004,Needles Lighthouse,C,14,12,Oil on Board with Painted Beech Sculpture & Frame,Available,,.jpg
C:\Users\Craig\Documents\GitHub\peterliddle.github.io\assets\artistswork\450\WM_04-09.jpg,2004,Needles,C,36,29,Oil on Canvas with Painted Beech Sculpture & Pine Frame,Available,,.jpg
C:\Users\Craig\Documents\GitHub\peterliddle.github.io\assets\artistswork\450\WM_04-10.jpg,2004,Guardian,S,,,Black Limestone,Available,,.jpg
C:\Users\Craig\Documents\GitHub\peterliddle.github.io\assets\artistswork\450\WM_04-11.jpg,2004,Measand Falls,M,24,18,Oil on Canvas,Available,,.jpg
C:\Users\Craig\Documents\GitHub\peterliddle.github.io\assets\artistswork\450\WM_04-12.jpg,2004,Poppy,O,12,14,Oil on Canvas,Available,,.jpg
C:\Users\Craig\Documents\GitHub\peterliddle.github.io\assets\artistswork\450\WM_04-13.jpg,2004,Pansy Family Members,O,12,14,Oil on Canvas,Available,,.jpg
C:\Users\Craig\Documents\GitHub\peterliddle.github.io\assets\artistswork\450\WM_04-14.jpg,2004,Floral Explosion No.4,O,16,20,Oil on Canvas,Available,,.jpg
C:\Users\Craig\Documents\GitHub\peterliddle.github.io\assets\artistswork\450\WM_04-15.jpg,2004,Lupins No.1,O,18,24,Oil on Canvas,Available,,.jpg
C:\Users\Craig\Documents\GitHub\peterliddle.github.io\assets\artistswork\450\WM_04-16.jpg,2004,Lupins No.2,O,18,24,Oil on Canvas,Available,,.jpg
C:\Users\Craig\Documents\GitHub\peterliddle.github.io\assets\artistswork\450\WM_04-17.jpg,2004,London Bridge Magenta,O,16,20,Acrylic on Canvas,Available,,.jpg
C:\Users\Craig\Documents\GitHub\peterliddle.github.io\assets\artistswork\450\WM_04-18.jpg,2004,Where Eagles Dare,M,16,20,Oil on Canvas,Available,,.jpg
C:\Users\Craig\Documents\GitHub\peterliddle.github.io\assets\artistswork\450\WM_04-19.jpg,2004,Nolfolk Groyne Flint,C,24,30,Acrylic on Canvas,Available,,.jpg
C:\Users\Craig\Documents\GitHub\peterliddle.github.io\assets\artistswork\450\WM_04-20.jpg,2004,Zen Kendo' Buddah,S,,,Shap Granite,Sold,,.jpg
C:\Users\Craig\Documents\GitHub\peterliddle.github.io\assets\artistswork\450\WM_05-01.jpg,2005,Scar with Gold Lava,M,30,24,Acrylic on Canvas,Sold,,.jpg
C:\Users\Craig\Documents\GitHub\peterliddle.github.io\assets\artistswork\450\WM_05-02.jpg,2005,Solway Sunset,C,16,20,Oil on Canvas,Available,,.jpg
C:\Users\Craig\Documents\GitHub\peterliddle.github.io\assets\artistswork\450\WM_05-03.jpg,2005,Sharp Decent,M,10,12,Oil on Board,Available,,.jpg
C:\Users\Craig\Documents\GitHub\peterliddle.github.io\assets\artistswork\450\WM_05-04.jpg,2005,Rough Crag,M,8,8,Oil on Board,Available,,.jpg
C:\Users\Craig\Documents\GitHub\peterliddle.github.io\assets\artistswork\450\WM_05-05.jpg,2005,Now We Have Come to the Naming of Parts,M,,,Hawthorne,Available,,.jpg
C:\Users\Craig\Documents\GitHub\peterliddle.github.io\assets\artistswork\450\WM_05-06.jpg,2005,Wood Woman,S,,,Oak,Available,,.jpg
C:\Users\Craig\Documents\GitHub\peterliddle.github.io\assets\artistswork\450\WM_05-07.jpg,2005,"Naze, steam Rising",C,14,12,Oil on Board,Available,,.jpg
C:\Users\Craig\Documents\GitHub\peterliddle.github.io\assets\artistswork\450\WM_05-08.jpg,2005,"Naze, Low Tide",C,14,12,Oil on Board,Available,,.jpg
C:\Users\Craig\Documents\GitHub\peterliddle.github.io\assets\artistswork\450\WM_05-09.jpg,2005,"Naze, Sunrise",C,12,10,Oil on Board,Available,,.jpg
C:\Users\Craig\Documents\GitHub\peterliddle.github.io\assets\artistswork\450\WM_05-11.jpg,2005,"Naze, North End No.2",C,12,10,Oil on Board,Available,,.jpg
C:\Users\Craig\Documents\GitHub\peterliddle.github.io\assets\artistswork\450\WM_05-12.jpg,2005,The Island 'Diving Rock',O,36,28,Acrylic on Canvas,Available,,.jpg
C:\Users\Craig\Documents\GitHub\peterliddle.github.io\assets\artistswork\450\WM_05-13.jpg,2005,The Island 'Lookout Rock',O,36,28,Acrylic on Canvas,Available,,.jpg
C:\Users\Craig\Documents\GitHub\peterliddle.github.io\assets\artistswork\450\WM_05-14.jpg,2005,Helm Pike - The Way Home,M,24,30,Oil on Canvas,Available,,.jpg
C:\Users\Craig\Documents\GitHub\peterliddle.github.io\assets\artistswork\450\WM_06-02.jpg,2006,Scar Gold Light,M,14,16,Oil on Board,Available,,.jpg
C:\Users\Craig\Documents\GitHub\peterliddle.github.io\assets\artistswork\450\WM_06-03.jpg,2006,Loadpot from the Scar,M,8,8.5,Oil on Board,Available,,.jpg
C:\Users\Craig\Documents\GitHub\peterliddle.github.io\assets\artistswork\450\WM_06-04.jpg,2006,Allonby,C,10,12,Oil on Board,Available,,.jpg
C:\Users\Craig\Documents\GitHub\peterliddle.github.io\assets\artistswork\450\WM_06-05.jpg,2006,High Places,M,14,12,Oil on Board,Available,,.jpg
C:\Users\Craig\Documents\GitHub\peterliddle.github.io\assets\artistswork\450\WM_06-06.jpg,2006,Gollum,S,,,Bog Ash,Available,,.jpg
C:\Users\Craig\Documents\GitHub\peterliddle.github.io\assets\artistswork\450\WM_06-07.jpg,2006,St Ninian's Cave,S,,,Dumfries Granite ,Available,,.jpg
C:\Users\Craig\Documents\GitHub\peterliddle.github.io\assets\artistswork\450\WM_06-10.jpg,2006,Early Snow Line,M,20,16,Oil on Canvas,Available,,.jpg
C:\Users\Craig\Documents\GitHub\peterliddle.github.io\assets\artistswork\450\WM_06-11.jpg,2006,Scar Deep Hole,M,10,12,Oil on Board,Available,,.jpg
C:\Users\Craig\Documents\GitHub\peterliddle.github.io\assets\artistswork\450\WM_07-01.jpg,2007,Coniston Low Water,M,36,28,Acrylic on Canvas,Available,,.jpg
C:\Users\Craig\Documents\GitHub\peterliddle.github.io\assets\artistswork\450\WM_07-02.jpg,2007,Coniston Looking Down,M,30,24,Acrylic on Canvas,Available,,.jpg
C:\Users\Craig\Documents\GitHub\peterliddle.github.io\assets\artistswork\450\WM_07-03.jpg,2007,Coniston The Way Ahead,M,24,30,Acrylic on Canvas,Sold,,.jpg
C:\Users\Craig\Documents\GitHub\peterliddle.github.io\assets\artistswork\450\WM_07-04.jpg,2007,Storm Chasing,M,16,22,Acrylic on Canvas,Available,,.jpg
C:\Users\Craig\Documents\GitHub\peterliddle.github.io\assets\artistswork\450\WM_07-06.jpg,2007,Nestled,S,,,Carrara Marble,Available,,.jpg
C:\Users\Craig\Documents\GitHub\peterliddle.github.io\assets\artistswork\450\WM_07-07.jpg,2007,Sandwood Bay No.1,C,14,12,Oil on Canvas,Available,,.jpg
C:\Users\Craig\Documents\GitHub\peterliddle.github.io\assets\artistswork\450\WM_07-08.jpg,2007,Sandwood Bay No.2,C,14,12,Oil on Canvas,Available,,.jpg
C:\Users\Craig\Documents\GitHub\peterliddle.github.io\assets\artistswork\450\WM_08-01.jpg,2008,Quiraing 'The Prison',M,23,28,Oil on Canvas,Available,,.jpg
C:\Users\Craig\Documents\GitHub\peterliddle.github.io\assets\artistswork\450\WM_08-02.jpg,2008,Quiraing 'Looking Down',M,20,16,Oil on Canvas,Available,,.jpg
C:\Users\Craig\Documents\GitHub\peterliddle.github.io\assets\artistswork\450\WM_08-03.jpg,2008,Crib Goch,S,,,Jasper,Available,,.jpg
C:\Users\Craig\Documents\GitHub\peterliddle.github.io\assets\artistswork\450\WM_08-04.jpg,2008,Sisyphus,S,,,Jasper,Available,,.jpg
C:\Users\Craig\Documents\GitHub\peterliddle.github.io\assets\artistswork\450\WM_08-05.jpg,2008,Entwined,S,,,Jasper,Available,,.jpg
C:\Users\Craig\Documents\GitHub\peterliddle.github.io\assets\artistswork\450\WM_08-06.jpg,2008,Hermit Crab,S,,,Quarzite,Available,,.jpg
C:\Users\Craig\Documents\GitHub\peterliddle.github.io\assets\artistswork\450\WM_08-07.jpg,2008,Seal Pup,S,,,Llyn Marble and Jasper,Available,,.jpg
C:\Users\Craig\Documents\GitHub\peterliddle.github.io\assets\artistswork\450\WM_08-08.jpg,2008,Uruk-hai,S,,,Bog Ash,Available,,.jpg
C:\Users\Craig\Documents\GitHub\peterliddle.github.io\assets\artistswork\450\WM_08-09.jpg,2009,Sphinx,S,,,Aberdeen Granite,Available,,.jpg
C:\Users\Craig\Documents\GitHub\peterliddle.github.io\assets\artistswork\450\WM_09-01.jpg,2009,Muse,S,,,Oak,Available,,.jpg
C:\Users\Craig\Documents\GitHub\peterliddle.github.io\assets\artistswork\450\WM_09-03.jpg,2009,Blow Hole No.1,C,30,24,Oil on Canvas,Available,,.jpg
C:\Users\Craig\Documents\GitHub\peterliddle.github.io\assets\artistswork\450\WM_09-04.jpg,2009,Llyn Low Water,C,24,30,Acrylic on Canvas,Sold,,.jpg
C:\Users\Craig\Documents\GitHub\peterliddle.github.io\assets\artistswork\450\WM_09-05.jpg,2009,Blow Hole No.2,C,23,28,Acrylic on Canvas,Available,,.jpg
C:\Users\Craig\Documents\GitHub\peterliddle.github.io\assets\artistswork\450\WM_09-06.jpg,2009,Seahorse,C,28,36,Acrylic on Canvas,Sold,,.jpg
C:\Users\Craig\Documents\GitHub\peterliddle.github.io\assets\artistswork\450\WM_09-07.jpg,2009,Marble and Jasper,C,14,12,Oil on Canvas,Available,,.jpg
C:\Users\Craig\Documents\GitHub\peterliddle.github.io\assets\artistswork\450\WM_10-01.jpg,2010,Rock Arch,C,40,30,Acrylic on Canvas,Available,,.jpg
C:\Users\Craig\Documents\GitHub\peterliddle.github.io\assets\artistswork\450\WM_10-02.jpg,2010,Wipe Out,C,24,30,Acrylic on Canvas,Available,,.jpg
C:\Users\Craig\Documents\GitHub\peterliddle.github.io\assets\artistswork\450\WM_10-03.jpg,2010,Balanced Granite,S,,,Cree Town Granite,Available,,.jpg
C:\Users\Craig\Documents\GitHub\peterliddle.github.io\assets\artistswork\450\WM_10-04.jpg,2010,Cave Fire Light (Digital),M,,,Digital File,Available,,.jpg
C:\Users\Craig\Documents\GitHub\peterliddle.github.io\assets\artistswork\450\photo_11-01.jpg,2011,Liddle Portrait,,,,&#169; Julia McIntosh Photography,,,.jpg
C:\Users\Craig\Documents\GitHub\peterliddle.github.io\assets\artistswork\450\WM_11-01.jpg,2011,"Runswick, Siderite Nodules No.1",C,24,20,Acrylic on Canvas,Available,,.jpg
C:\Users\Craig\Documents\GitHub\peterliddle.github.io\assets\artistswork\450\WM_11-02.jpg,2011,"Runswick, Siderite Nodules No.2",C,22,16,Acrylic on Paper,Available,,.jpg
C:\Users\Craig\Documents\GitHub\peterliddle.github.io\assets\artistswork\450\WM_12-01.jpg,2012,Magenta Dawn,C,24,30,Acrylic on Canvas,Artist's Collection,,.jpg
C:\Users\Craig\Documents\GitHub\peterliddle.github.io\assets\artistswork\450\WM_12-02.jpg,2012,Portholland Beach,C,30,24,Acrylic on Canvas,Available,,.jpg
C:\Users\Craig\Documents\GitHub\peterliddle.github.io\assets\artistswork\450\WM_12-03.jpg,2012,Portholland No.5 ,C,7.5,5.5,Oil on Paper,Available,,.jpg
C:\Users\Craig\Documents\GitHub\peterliddle.github.io\assets\artistswork\450\WM_12-04.jpg,2012,Cliff Path No.1,C,5.5,7.5,Oil on Paper,Available,,.jpg
C:\Users\Craig\Documents\GitHub\peterliddle.github.io\assets\artistswork\450\WM_12-05.jpg,2012,Cliff Path No.2,C,7.5,5.5,Oil on Paper,Available,,.jpg
C:\Users\Craig\Documents\GitHub\peterliddle.github.io\assets\artistswork\450\WM_13-02.jpg,2013,Lacy Caves 'Which Way Now',M,16,23,Acrylic on Acid-Free Paper,Available,,.jpg
C:\Users\Craig\Documents\GitHub\peterliddle.github.io\assets\artistswork\450\WM_13-03.jpg,2013,Lacy Caves 'Apparition',M,23,16,Acrylic on Acid-Free Paper,Available,,.jpg
C:\Users\Craig\Documents\GitHub\peterliddle.github.io\assets\artistswork\450\WM_13-04.jpg,2013,Sandstone Slabs Maryport No1,C,30,24,Acrylic on Canvas,Available,,.jpg
C:\Users\Craig\Documents\GitHub\peterliddle.github.io\assets\artistswork\450\WM_13-05.jpg,2013,Sandstone Slabs Maryport No2,C,30,24,Acrylic on Canvas,Available,,.jpg
C:\Users\Craig\Documents\GitHub\peterliddle.github.io\assets\artistswork\450\WM_14-01.jpg,2014,Sunset Kippford,C,24,30,Acrylic on Canvas,Available,,.jpg
C:\Users\Craig\Documents\GitHub\peterliddle.github.io\assets\artistswork\450\WM_14-02.jpg,2014,Shell Beach Kippford No1,C,30,24,Acrylic on Canvas,Available,,.jpg
C:\Users\Craig\Documents\GitHub\peterliddle.github.io\assets\artistswork\450\WM_14-03.jpg,2014,Shell Beach Kippford No2,C,22.5,16,Acrylic on Paper,Available,,.jpg
C:\Users\Craig\Documents\GitHub\peterliddle.github.io\assets\artistswork\450\WM_14-04.jpg,2014,Runswick 2014,C,22.5,16,Acrylic on Paper,Available,,.jpg
C:\Users\Craig\Documents\GitHub\peterliddle.github.io\assets\artistswork\450\WM_14-05.jpg,2014,"Runswick, Iron Man",C,30,21,Acrylic on Canvas,Available,,.jpg
C:\Users\Craig\Documents\GitHub\peterliddle.github.io\assets\artistswork\450\WM_14-06.jpg,2014,The Greeb No1,C,20,24,Oil on Canvas,Available,,.jpg
C:\Users\Craig\Documents\GitHub\peterliddle.github.io\assets\artistswork\450\WM_14-07.jpg,2014,The Greeb No2,C,24,30,Oil on Canvas,Available,,.jpg
C:\Users\Craig\Documents\GitHub\peterliddle.github.io\assets\artistswork\450\WM_14-08.jpg,2014,The Greeb No3,C,20,24,Acrylic on Canvas,Available,,.jpg
C:\Users\Craig\Documents\GitHub\peterliddle.github.io\assets\artistswork\450\WM_14-09.jpg,2014,Dawn Wave Portholland,C,20,16,Acrylic on Linen,Available,,.jpg
C:\Users\Craig\Documents\GitHub\peterliddle.github.io\assets\artistswork\450\WM_14-10.jpg,2014,Rock Reflection Ullswater,M,24,30,Acrylic on Canvas,Available,,.jpg
C:\Users\Craig\Documents\GitHub\peterliddle.github.io\assets\artistswork\450\WM_15-01.jpg,2015,Beck Falls,M,24,30,Acrylic on Canvas,Available,,.jpg
C:\Users\Craig\Documents\GitHub\peterliddle.github.io\assets\artistswork\450\WM_15-02.jpg,2015,The Maiden Rock,M,28,36,Acrylic on Linen,Available,,.jpg
C:\Users\Craig\Documents\GitHub\peterliddle.github.io\assets\artistswork\450\WM_15-03.jpg,2015,Dog Rock,M,28,36,Acrylic on Linen,Available,,.jpg
C:\Users\Craig\Documents\GitHub\peterliddle.github.io\assets\artistswork\450\WM_15-04.jpg,2015,Eye of the Storm,C,24,30,Oil on Linen,Available,,.jpg
C:\Users\Craig\Documents\GitHub\peterliddle.github.io\assets\artistswork\450\WM_15-05.jpg,2015,Good Surf,C,12,8,Oil on Paper,Available,,.jpg
C:\Users\Craig\Documents\GitHub\peterliddle.github.io\assets\artistswork\450\WM_15-06.jpg,2015,On the Beach,C,12,8,Oil on Paper,Available,,.jpg
C:\Users\Craig\Documents\GitHub\peterliddle.github.io\assets\artistswork\450\WM_15-07.jpg,2015,Perbargus,C,9.25,11,Oil on Paper,Available,,.jpg
C:\Users\Craig\Documents\GitHub\peterliddle.github.io\assets\artistswork\450\WM_15-08.jpg,2015,Washing Machine,C,9.25,11,Oil on Paper,Available,,.jpg
C:\Users\Craig\Documents\GitHub\peterliddle.github.io\assets\artistswork\450\WM_15-09.jpg,2015,Splash,C,8,12,Oil on Paper,Available,,.jpg
C:\Users\Craig\Documents\GitHub\peterliddle.github.io\assets\artistswork\450\WM_15-10.jpg,2015,Storm,C,12,8,Oil on Paper,Available,,.jpg
C:\Users\Craig\Documents\GitHub\peterliddle.github.io\assets\artistswork\450\WM_15-11.jpg,2015,Dawn Wave,C,8,12,Oil on Paper,Available,,.jpg
C:\Users\Craig\Documents\GitHub\peterliddle.github.io\assets\artistswork\450\WM_16-01.jpg,2016,Into The Seed Wave,C,30,24,Oil on Linen,Available,,.jpg
C:\Users\Craig\Documents\GitHub\peterliddle.github.io\assets\artistswork\450\WM_16-02.jpg,2016,Luna Eclipse Portholland,C,28,36,Acrylic on Linen,Available,,.jpg
C:\Users\Craig\Documents\GitHub\peterliddle.github.io\assets\artistswork\450\WM_16-03.jpg,2016,Dawn Light Portholland,C,28,36,Acrylic on Linen,Available,,.jpg
C:\Users\Craig\Documents\GitHub\peterliddle.github.io\assets\artistswork\450\WM_16-04.jpg,2016,Backwash,C,24,30,Acrylic on Linen,Available,,.jpg
C:\Users\Craig\Documents\GitHub\peterliddle.github.io\assets\artistswork\450\WM_16-05.jpg,2016,Seaweed Wave,C,11,8,Oil on Paper,Available,,.jpg
C:\Users\Craig\Documents\GitHub\peterliddle.github.io\assets\artistswork\450\WM_16-06.jpg,2016,Weed Wave,C,8,11,Oil on Paper,Available,,.jpg
C:\Users\Craig\Documents\GitHub\peterliddle.github.io\assets\artistswork\450\WM_16-07.jpg,2016,Gull Rock Dawn,C,8,11,Oil on Paper,Available,,.jpg
C:\Users\Craig\Documents\GitHub\peterliddle.github.io\assets\artistswork\450\WM_16-08.jpg,2016,Eclipse,C,8,11,Oil on Paper,Available,,.jpg
C:\Users\Craig\Documents\GitHub\peterliddle.github.io\assets\artistswork\450\WM_16-09.jpg,2016,Gull Rock Sunset,C,8,11,Oil on Paper,Available,,.jpg
C:\Users\Craig\Documents\GitHub\peterliddle.github.io\assets\artistswork\450\WM_16-10.jpg,2016,After the Storm,C,11,8,Oil on Paper,Available,,.jpg
C:\Users\Craig\Documents\GitHub\peterliddle.github.io\assets\artistswork\450\WM_16-11.jpg,2016,Backwash,C,8,11,Oil on Paper,Available,,.jpg
C:\Users\Craig\Documents\GitHub\peterliddle.github.io\assets\artistswork\450\WM_16-12.jpg,2016,Spurt,C,8,11,Oil on Paper,Available,,.jpg
